hf_rank,hf_score,pf_ss_homicide,pf_ss_disappearances_disap,pf_ss_disappearances_violent,pf_ss_disappearances_organized,pf_ss_disappearances_fatalities,pf_ss_women_fgm,pf_ss_women,pf_movement_domestic,pf_movement_foreign,pf_movement_women,pf_religion_harassment,pf_religion_restrictions,pf_association_assembly,pf_association_prof,pf_association,pf_expression_killed,pf_expression_jailed,pf_expression_control,pf_expression_cable,pf_expression_newspapers,pf_expression_internet,pf_identity_legal,pf_identity_sex,pf_identity_divorce,ef_government_consumption,ef_government_transfers,ef_government_enterprises,ef_government_tax,ef_government_soa,ef_legal_judicial,ef_legal_courts,ef_legal_protection,ef_legal_military,ef_legal_integrity,ef_legal_enforcement,ef_legal_restrictions,ef_legal_police,ef_legal_crime,ef_legal,ef_money_growth,ef_money_sd,ef_money_inflation,ef_money_currency,ef_money,ef_trade_tariffs_mean,ef_trade_tariffs_sd,ef_trade_regulatory_nontariff,ef_trade_regulatory,ef_trade_black,ef_trade_movement_foreign,ef_trade_movement_capital,ef_trade_movement_visit,ef_regulation_credit_ownership,ef_regulation_credit_private,ef_regulation_credit_interest,ef_regulation_labor_minwage,ef_regulation_labor_firing,ef_regulation_labor_bargain,ef_regulation_labor_hours,ef_regulation_labor_dismissal,ef_regulation_labor_conscription,ef_regulation_business_adm,ef_regulation_business_bureaucracy,ef_regulation_business_start,ef_regulation_business_bribes,ef_regulation_business_licensing,ef_regulation_business_compliance
1.0,8.88,9.7,10.0,10.0,10.0,10.0,10.0,10.0,10.0,10.0,10.0,9.3,9.9,10.0,10.0,10.0,10.0,10.0,8.0,10.0,10.0,10.0,7.0,10.0,10.0,5.1,6.4,8.0,7.0,6.8,9.2,7.3,8.6,10.0,9.2,7.2,9.9,8.9,7.2,8.6,9.0,9.4,9.6,10.0,9.5,9.6,9.0,7.5,8.1,10.0,6.9,6.9,7.7,10.0,10.0,10.0,8.9,5.9,7.8,10.0,10,10.0,5.6,9.8,10.0,8.6,9.4,8.4
2.0,8.82,9.8,10.0,10.0,10.0,10.0,10.0,10.0,10.0,10.0,10.0,7.7,6.9,10.0,10.0,10.0,10.0,10.0,9.0,10.0,10.0,10.0,7.0,10.0,10.0,6.4,6.0,10.0,7.0,8.6,9.1,7.7,9.2,10.0,8.3,4.5,9.6,9.2,7.9,8.4,9.9,9.9,9.9,10.0,9.9,8.7,0.0,6.2,8.1,10.0,7.8,3.1,7.7,8.0,10.0,10.0,10.0,7.8,8.4,6.0,10,5.0,6.2,8.0,9.6,8.0,8.4,9.3
3.0,8.81,9.9,,10.0,,10.0,10.0,10.0,,,10.0,9.5,8.8,7.5,7.5,8.0,10.0,10.0,5.0,10.0,10.0,10.0,7.0,10.0,10.0,8.0,9.4,7.0,10.0,6.6,8.6,7.6,8.6,8.3,8.3,6.1,6.9,8.9,8.0,7.9,9.1,9.7,9.7,10.0,9.6,10.0,10.0,8.1,8.9,10.0,8.5,6.9,10.0,10.0,10.0,10.0,10.0,8.0,8.7,10.0,9.5,10.0,7.1,9.6,9.9,7.7,9.7,9.6
4.0,8.65,9.3,10.0,10.0,10.0,9.9,10.0,10.0,10.0,10.0,10.0,8.4,8.6,10.0,10.0,10.0,10.0,10.0,8.3,10.0,10.0,10.0,10.0,10.0,10.0,4.0,7.1,8.0,5.0,8.3,8.7,6.1,8.4,10.0,9.2,3.6,9.0,8.8,6.9,7.8,9.0,9.5,9.7,10.0,9.6,9.2,2.1,5.9,7.9,10.0,7.0,7.7,5.5,10.0,9.9,10.0,8.9,6.2,7.4,8.0,8.3,10.0,4.6,9.8,9.9,6.8,6.9,8.5
5.0,8.62,9.7,10.0,10.0,10.0,9.9,10.0,10.0,10.0,10.0,10.0,8.3,8.9,10.0,10.0,10.0,10.0,10.0,7.8,10.0,10.0,10.0,7.0,10.0,10.0,4.5,6.8,10.0,5.5,7.9,8.7,5.7,8.2,10.0,9.2,6.0,8.2,8.6,6.8,7.9,9.0,9.3,9.6,10.0,9.5,9.5,8.3,6.7,7.5,10.0,6.9,4.6,0.1,10.0,8.9,10.0,8.9,3.8,5.7,10.0,7.9,10.0,3.8,9.6,9.9,7.2,8.9,8.8
6.0,8.56,9.9,10.0,10.0,,10.0,10.0,10.0,10.0,10.0,10.0,9.6,7.9,10.0,10.0,10.0,10.0,10.0,8.8,10.0,10.0,10.0,7.0,10.0,10.0,1.4,4.3,7.0,6.0,8.5,8.7,7.3,8.8,10.0,10.0,7.5,6.2,8.6,8.1,8.3,8.4,9.4,9.7,10.0,9.4,9.0,6.7,6.8,8.4,10.0,8.3,3.8,7.7,8.0,10.0,10.0,2.2,4.7,6.8,6.0,8.5,10.0,5.6,7.1,9.4,7.8,8.4,9.4
6.0,8.56,9.5,10.0,10.0,10.0,10.0,10.0,10.0,10.0,10.0,10.0,7.7,5.4,10.0,7.5,9.5,4.2,10.0,8.5,10.0,10.0,10.0,10.0,10.0,10.0,1.6,4.5,8.0,2.5,7.0,8.6,6.1,8.2,10.0,10.0,5.4,9.7,7.8,6.9,8.1,9.8,9.7,9.8,10.0,9.8,9.0,6.7,6.6,8.3,10.0,7.5,6.9,7.7,10.0,10.0,10.0,10.0,6.9,5.7,8.0,10,3.0,4.3,6.9,9.8,7.7,9.9,8.5
8.0,8.53,9.5,10.0,10.0,10.0,9.9,10.0,10.0,10.0,10.0,10.0,8.7,5.0,10.0,10.0,10.0,10.0,10.0,9.0,10.0,10.0,10.0,7.0,10.0,10.0,3.0,3.6,8.0,2.5,6.4,9.6,8.0,9.3,10.0,10.0,5.8,7.8,9.7,8.9,8.8,8.1,9.7,9.8,10.0,9.4,9.0,6.7,7.9,8.5,10.0,7.7,3.1,7.7,10.0,9.7,10.0,3.9,4.2,2.2,8.0,10,3.0,6.1,8.2,9.4,8.6,9.9,9.0
8.0,8.53,9.6,10.0,10.0,10.0,10.0,10.0,10.0,10.0,10.0,10.0,7.3,5.8,10.0,10.0,10.0,10.0,10.0,7.5,10.0,10.0,10.0,10.0,10.0,10.0,3.9,3.1,10.0,5.0,8.9,7.4,7.0,7.6,10.0,8.3,5.8,6.8,7.2,6.6,7.4,8.3,9.9,9.7,10.0,9.5,9.0,6.7,6.8,8.0,10.0,6.9,3.1,7.7,5.0,10.0,10.0,8.9,6.2,5.8,8.0,6.3,10.0,6.3,9.3,9.6,7.1,8.9,7.6
10.0,8.52,9.6,10.0,10.0,7.5,10.0,10.0,10.0,10.0,10.0,10.0,8.6,8.7,10.0,5.0,7.5,10.0,10.0,8.5,10.0,10.0,10.0,10.0,10.0,10.0,3.7,7.3,10.0,3.5,9.1,8.6,5.2,8.2,10.0,10.0,3.9,7.3,7.9,6.6,7.5,8.8,9.2,9.9,10.0,9.5,9.0,6.7,6.6,7.8,10.0,8.0,7.7,8.9,8.0,9.9,10.0,8.9,5.0,7.1,10.0,6.4,10.0,5.0,8.0,9.8,7.3,8.5,9.1
11.0,8.5,9.6,10.0,10.0,10.0,9.8,10.0,10.0,10.0,10.0,10.0,8.4,8.3,10.0,10.0,10.0,10.0,10.0,8.8,10.0,10.0,10.0,10.0,10.0,10.0,0.8,4.8,8.0,1.0,8.1,8.2,6.7,8.1,9.2,10.0,5.0,8.5,7.2,7.0,7.7,7.7,9.8,9.6,10.0,9.3,9.0,6.7,6.8,8.4,10.0,7.6,3.1,7.7,10.0,10.0,8.0,6.7,4.4,4.5,6.0,10,10.0,5.3,6.7,9.7,7.8,9.0,8.6
11.0,8.5,9.7,10.0,10.0,10.0,10.0,10.0,10.0,10.0,10.0,10.0,8.4,8.2,10.0,10.0,10.0,10.0,10.0,8.8,10.0,10.0,10.0,7.0,10.0,7.5,1.3,3.8,8.0,2.0,6.6,9.0,7.2,8.6,10.0,10.0,5.1,7.9,8.4,6.8,8.1,8.2,9.8,9.7,10.0,9.4,9.0,6.7,7.1,8.5,10.0,7.4,8.5,7.7,5.0,10.0,10.0,6.7,5.7,5.2,10.0,7.5,10.0,5.6,9.6,9.8,8.1,8.3,8.7
13.0,8.48,9.7,10.0,10.0,10.0,9.9,10.0,10.0,10.0,10.0,10.0,8.1,5.6,10.0,10.0,10.0,10.0,10.0,8.0,10.0,10.0,10.0,10.0,10.0,10.0,3.8,3.4,10.0,3.5,7.6,7.7,5.6,8.2,10.0,10.0,6.2,8.1,8.5,7.2,7.9,8.2,9.9,9.6,10.0,9.4,9.0,6.7,6.5,8.2,10.0,6.9,3.1,7.7,8.0,9.7,10.0,8.9,3.6,2.2,6.0,10,3.0,4.2,9.3,9.2,6.4,7.3,8.5
14.0,8.47,9.5,10.0,10.0,10.0,9.8,10.0,8.8,10.0,10.0,10.0,7.6,5.2,10.0,10.0,10.0,10.0,10.0,7.8,10.0,10.0,10.0,7.0,10.0,10.0,5.3,5.5,8.0,4.0,8.2,8.6,7.0,8.7,10.0,8.3,4.4,8.0,8.3,6.7,7.8,9.5,9.7,9.5,10.0,9.7,9.0,6.7,7.0,8.1,10.0,8.3,4.6,9.1,8.0,8.6,10.0,8.9,6.9,8.0,8.0,8.5,10.0,5.0,6.4,9.9,7.2,9.5,8.8
15.0,8.46,7.9,10.0,9.9,7.5,9.9,10.0,10.0,10.0,10.0,10.0,7.9,8.7,10.0,10.0,10.0,10.0,10.0,7.0,10.0,10.0,10.0,7.0,10.0,10.0,6.8,6.0,8.0,5.0,10.0,7.7,7.6,7.9,6.7,8.3,5.2,9.0,8.2,6.3,7.4,9.7,9.9,9.6,10.0,9.8,9.3,6.5,7.0,8.4,10.0,7.2,3.8,0.6,10.0,8.0,10.0,9.5,7.6,7.9,10.0,10,10.0,6.4,8.2,9.8,6.5,9.6,8.0
15.0,8.46,9.1,10.0,10.0,10.0,10.0,10.0,10.0,10.0,10.0,10.0,9.1,8.4,7.5,10.0,9.5,10.0,10.0,9.0,10.0,10.0,10.0,7.0,10.0,10.0,3.4,6.1,7.0,7.0,7.5,7.6,5.4,7.3,8.3,6.7,5.7,9.5,8.3,7.7,7.4,8.3,9.5,9.3,10.0,9.3,9.0,6.7,7.0,8.5,10.0,7.8,5.4,7.7,10.0,9.9,10.0,6.7,5.9,8.6,4.0,9.3,3.0,5.1,10.0,9.8,6.9,9.2,9.4
17.0,8.44,9.8,10.0,10.0,10.0,10.0,10.0,10.0,10.0,10.0,10.0,8.6,6.1,10.0,10.0,10.0,10.0,10.0,9.3,10.0,10.0,10.0,10.0,10.0,7.5,1.5,4.6,7.0,4.5,7.0,8.8,6.5,8.3,10.0,10.0,6.8,9.1,8.6,8.2,8.5,9.6,9.0,9.6,10.0,9.6,8.8,0.0,5.6,7.7,10.0,6.7,4.6,7.7,10.0,10.0,8.0,7.2,4.3,4.7,6.0,10,0.0,4.9,7.8,9.8,7.7,9.1,9.1
18.0,8.41,9.6,10.0,10.0,10.0,10.0,10.0,10.0,10.0,10.0,10.0,9.6,4.8,10.0,10.0,10.0,10.0,10.0,8.8,10.0,10.0,10.0,7.0,10.0,10.0,2.5,8.0,8.0,3.5,7.1,7.8,6.8,8.1,10.0,10.0,6.8,8.8,9.0,8.2,8.4,9.3,9.2,9.6,10.0,9.5,9.2,2.0,5.3,7.0,10.0,4.4,3.1,7.7,2.0,10.0,10.0,5.6,7.3,4.9,8.0,10,10.0,5.2,8.2,9.6,7.5,9.5,8.4
19.0,8.4,9.7,10.0,10.0,7.5,10.0,10.0,8.8,10.0,10.0,10.0,9.3,8.8,10.0,10.0,10.0,10.0,10.0,8.0,10.0,10.0,10.0,,10.0,10.0,5.6,9.3,8.0,6.0,8.1,5.8,4.5,7.6,6.7,8.3,5.5,7.9,7.6,7.0,6.8,9.7,9.4,9.9,10.0,9.8,8.7,4.9,6.4,7.6,10.0,6.0,,5.2,5.0,9.2,10.0,5.6,6.1,8.2,10.0,6.3,5.0,5.0,9.6,9.7,6.5,9.6,7.5
20.0,8.37,9.6,10.0,10.0,,9.3,10.0,10.0,10.0,10.0,10.0,9.1,6.2,10.0,10.0,10.0,0.0,10.0,7.8,10.0,10.0,10.0,10.0,10.0,7.5,4.3,7.0,10.0,7.0,,5.5,4.6,6.9,10.0,8.3,5.4,5.3,5.9,7.5,6.5,8.6,9.9,9.7,10.0,9.5,9.0,6.7,7.0,8.2,10.0,7.1,6.9,7.7,10.0,10.0,10.0,7.2,5.1,7.8,8.0,10,10.0,4.6,6.9,9.4,4.6,8.1,8.4
21.0,8.34,9.8,10.0,10.0,10.0,10.0,10.0,10.0,10.0,10.0,10.0,8.5,7.3,7.5,10.0,9.5,10.0,10.0,8.0,10.0,10.0,10.0,7.0,10.0,7.5,3.3,5.2,10.0,6.5,8.3,5.9,3.3,6.1,10.0,8.3,3.3,8.2,6.4,7.5,6.4,7.8,9.8,9.5,10.0,9.3,9.0,6.7,6.8,8.4,10.0,7.9,3.1,7.7,10.0,10.0,10.0,8.9,3.9,8.0,10.0,7.8,10.0,2.8,8.0,9.2,4.4,6.9,7.4
22.0,8.32,8.2,10.0,10.0,10.0,10.0,10.0,10.0,10.0,10.0,10.0,9.0,6.4,10.0,10.0,10.0,10.0,10.0,8.5,10.0,10.0,10.0,10.0,10.0,7.5,5.7,6.4,8.0,7.0,9.8,5.4,3.8,5.7,8.3,6.7,6.2,9.7,6.5,6.8,6.6,8.2,9.4,9.3,10.0,9.2,9.0,6.7,5.7,7.7,10.0,5.8,6.9,7.7,10.0,10.0,9.0,8.3,4.0,8.3,8.0,8.5,3.0,3.4,10.0,9.8,4.9,9.7,8.9
23.0,8.29,8.7,10.0,10.0,10.0,10.0,10.0,10.0,10.0,10.0,10.0,9.1,6.5,10.0,10.0,10.0,10.0,10.0,8.0,10.0,10.0,10.0,10.0,10.0,10.0,5.1,6.2,7.0,6.5,9.1,4.4,2.9,5.4,8.3,8.3,5.5,9.0,5.7,7.0,6.3,8.2,9.5,9.4,10.0,9.3,9.0,6.7,6.9,8.1,10.0,6.6,6.9,7.7,10.0,9.7,8.0,5.0,4.2,8.3,10.0,7.8,10.0,3.5,9.1,9.8,4.0,7.8,8.1
23.0,8.29,9.3,10.0,10.0,10.0,9.9,10.0,10.0,10.0,10.0,10.0,8.3,6.1,10.0,10.0,10.0,10.0,10.0,9.3,10.0,10.0,10.0,7.0,10.0,10.0,2.5,2.1,10.0,1.0,8.7,7.8,5.4,7.9,10.0,8.3,5.6,4.8,7.6,6.3,7.1,8.5,9.8,9.6,10.0,9.5,9.0,6.7,5.9,7.9,10.0,7.9,3.8,7.7,8.0,9.6,10.0,8.9,3.7,5.6,6.0,10,10.0,3.5,8.7,9.8,6.5,7.5,8.5
25.0,8.28,9.9,10.0,10.0,10.0,10.0,10.0,10.0,10.0,10.0,10.0,9.3,10.0,10.0,5.0,7.5,10.0,10.0,6.0,10.0,10.0,10.0,7.0,10.0,7.5,4.1,4.2,8.0,3.0,9.4,8.4,6.5,8.4,8.3,8.3,6.3,7.8,8.6,7.4,7.6,8.6,9.5,9.9,10.0,9.5,9.2,4.1,6.1,7.5,10.0,7.2,8.5,7.1,8.0,8.1,10.0,8.9,3.9,8.0,8.0,10,10.0,4.6,9.3,9.6,7.4,8.1,8.5
26.0,8.27,9.7,10.0,10.0,10.0,10.0,10.0,10.0,10.0,10.0,10.0,9.5,8.8,10.0,10.0,9.5,10.0,10.0,8.3,10.0,10.0,10.0,7.0,10.0,10.0,5.5,4.9,10.0,2.5,8.0,6.5,3.1,6.3,10.0,8.3,4.0,7.4,7.9,8.0,6.8,8.0,9.8,9.7,10.0,9.4,9.0,6.7,7.4,8.7,10.0,7.1,4.6,7.7,5.0,7.2,10.0,2.2,3.5,6.4,6.0,7,10.0,3.4,8.7,9.8,5.6,8.3,7.3
27.0,8.2,9.8,10.0,10.0,7.5,10.0,10.0,10.0,10.0,5.0,10.0,9.1,8.9,10.0,10.0,9.5,10.0,10.0,6.5,10.0,10.0,10.0,7.0,10.0,10.0,4.7,7.1,10.0,6.0,7.4,4.8,4.5,6.7,6.7,8.3,7.5,8.2,7.3,6.3,6.5,9.1,9.7,9.6,10.0,9.6,7.3,0.0,5.5,7.6,10.0,5.5,6.2,10.0,8.0,10.0,10.0,5.6,4.3,6.6,10.0,2.5,0.0,3.7,9.8,9.7,4.6,10.0,7.9
28.0,8.15,8.3,10.0,10.0,10.0,10.0,10.0,10.0,10.0,10.0,10.0,9.1,8.7,10.0,10.0,10.0,10.0,10.0,6.8,10.0,10.0,10.0,0.0,10.0,7.5,6.4,8.5,10.0,7.0,9.0,6.5,4.7,7.0,7.5,7.5,5.3,9.1,8.0,5.2,6.4,9.1,9.5,9.6,10.0,9.5,9.8,9.8,7.2,7.0,10.0,7.6,3.1,9.1,8.0,8.8,9.0,6.7,3.4,8.3,10.0,2.5,1.0,3.9,7.8,9.7,6.0,7.7,6.7
29.0,8.12,9.7,10.0,10.0,10.0,9.8,10.0,8.8,10.0,10.0,10.0,7.7,6.3,7.5,10.0,9.5,10.0,10.0,6.5,10.0,10.0,10.0,7.0,10.0,10.0,4.6,4.8,10.0,4.0,7.0,5.2,3.8,5.9,8.3,8.3,5.6,7.7,8.6,7.2,6.8,8.2,9.8,9.6,10.0,9.4,9.0,6.7,6.3,8.1,10.0,6.8,3.1,7.7,10.0,8.0,10.0,3.9,3.5,6.4,8.0,5.1,10.0,2.9,7.6,9.5,4.7,8.5,8.3
30.0,8.11,9.4,10.0,10.0,10.0,10.0,10.0,10.0,10.0,10.0,10.0,7.9,5.7,10.0,10.0,10.0,10.0,10.0,6.0,10.0,10.0,10.0,7.0,10.0,7.5,6.0,6.9,8.0,7.0,7.0,5.1,3.5,6.0,8.3,5.0,5.0,9.3,6.0,6.8,6.1,8.2,9.6,9.7,10.0,9.4,9.0,6.7,6.0,8.0,10.0,6.3,8.5,7.7,8.0,8.6,10.0,3.9,5.6,7.1,8.0,10,10.0,2.9,6.7,8.9,3.5,6.7,8.2
30.0,8.11,9.9,10.0,10.0,10.0,10.0,10.0,8.8,10.0,5.0,10.0,8.6,4.8,2.5,2.5,3.5,10.0,10.0,4.5,7.5,7.5,5.0,7.0,5.0,10.0,4.9,9.2,8.0,10.0,3.9,7.8,7.3,8.9,8.3,8.3,7.7,9.0,9.2,8.4,8.2,10.0,9.5,9.9,10.0,9.9,10.0,10.0,8.2,8.7,10.0,8.5,6.9,10.0,10.0,10.0,10.0,10.0,7.6,8.4,10.0,10,0.0,7.6,10.0,9.9,8.8,10.0,9.3
32.0,8.04,9.7,10.0,10.0,10.0,10.0,10.0,10.0,10.0,10.0,10.0,7.8,6.3,10.0,7.5,9.5,10.0,10.0,7.5,10.0,10.0,10.0,7.0,10.0,10.0,4.9,3.5,10.0,2.5,9.6,5.1,2.0,5.4,10.0,6.7,3.6,8.3,6.0,5.1,5.8,8.0,9.9,9.8,10.0,9.4,9.0,6.7,6.4,8.2,10.0,5.0,6.9,7.7,10.0,8.8,10.0,5.6,3.2,4.1,8.0,10,10.0,1.9,7.3,9.7,3.8,7.2,7.3
33.0,8.02,9.4,10.0,10.0,7.5,10.0,10.0,10.0,10.0,10.0,10.0,8.6,7.1,10.0,10.0,10.0,10.0,10.0,7.8,10.0,10.0,10.0,7.0,10.0,10.0,4.1,5.0,10.0,5.5,7.9,3.0,2.1,5.4,10.0,6.7,3.8,9.7,4.2,6.3,5.7,8.4,9.7,9.7,10.0,9.5,9.0,6.7,6.0,8.0,10.0,7.9,5.4,7.7,10.0,9.7,10.0,5.6,3.6,6.6,8.0,7.8,10.0,2.4,7.6,9.1,3.0,6.0,7.8
33.0,8.02,9.5,10.0,10.0,10.0,10.0,10.0,8.8,10.0,10.0,10.0,7.1,7.2,10.0,10.0,10.0,10.0,10.0,6.8,10.0,10.0,10.0,10.0,10.0,10.0,2.8,2.3,8.0,3.5,7.4,7.1,5.6,7.5,8.3,8.3,6.4,6.8,7.8,6.5,7.0,8.2,9.9,9.8,10.0,9.5,9.0,6.7,5.4,7.7,10.0,7.2,5.4,7.7,8.0,8.8,10.0,2.2,2.6,6.7,4.0,8.1,10.0,3.0,8.9,9.9,6.3,7.9,8.4
35.0,7.97,9.6,10.0,10.0,7.5,10.0,10.0,10.0,10.0,10.0,10.0,9.2,7.8,10.0,10.0,10.0,10.0,10.0,8.0,10.0,10.0,10.0,7.0,10.0,10.0,4.2,5.1,8.0,2.0,6.9,4.4,3.1,5.7,9.2,7.5,4.2,8.3,7.2,7.7,6.2,8.1,9.8,9.7,10.0,9.4,9.0,6.7,6.2,8.1,10.0,5.0,3.1,7.7,5.0,10.0,10.0,2.2,2.6,5.8,8.0,8.1,10.0,2.7,7.6,9.6,4.8,6.9,7.4
36.0,7.93,9.8,10.0,10.0,7.5,10.0,10.0,10.0,10.0,10.0,2.5,8.6,5.4,10.0,7.5,8.5,10.0,10.0,7.5,10.0,10.0,10.0,10.0,10.0,5.0,6.4,5.9,8.0,7.0,7.3,6.2,4.5,6.2,8.3,8.3,4.0,6.4,6.3,6.9,6.1,8.0,9.5,9.9,10.0,9.4,9.0,6.7,6.4,7.9,10.0,6.3,6.9,7.7,10.0,10.0,10.0,5.6,4.8,6.1,10.0,10,1.0,4.7,8.9,9.7,4.7,5.0,8.6
37.0,7.86,9.6,10.0,10.0,10.0,10.0,10.0,10.0,10.0,10.0,10.0,9.1,7.6,10.0,7.5,9.0,10.0,10.0,5.8,10.0,10.0,7.5,10.0,10.0,10.0,4.3,4.3,10.0,3.0,7.0,2.9,1.7,4.3,8.3,7.5,4.6,7.8,5.9,7.2,5.6,8.7,9.8,9.8,10.0,9.6,9.0,6.7,6.7,8.3,10.0,5.4,4.6,7.6,8.0,10.0,10.0,5.6,2.6,6.5,6.0,7.5,10.0,1.4,6.9,9.2,3.3,8.5,7.7
38.0,7.84,9.1,10.0,10.0,10.0,10.0,10.0,8.8,10.0,10.0,10.0,9.6,8.0,10.0,10.0,10.0,10.0,10.0,5.3,10.0,10.0,10.0,0.0,10.0,7.5,8.1,7.3,8.0,8.0,6.2,2.5,3.1,4.6,8.3,4.2,4.4,6.6,6.8,6.2,5.1,9.3,9.7,9.6,10.0,9.6,9.3,8.1,6.0,7.7,10.0,6.3,5.4,8.3,10.0,9.1,10.0,5.6,5.4,6.4,8.0,6.3,10.0,6.3,6.7,9.7,4.1,6.0,7.2
39.0,7.79,9.4,10.0,10.0,10.0,10.0,10.0,10.0,10.0,10.0,10.0,8.1,5.8,10.0,10.0,9.5,10.0,10.0,5.8,10.0,10.0,10.0,7.0,10.0,7.5,5.7,5.8,8.0,8.5,7.6,3.5,3.4,4.3,8.3,5.0,5.1,8.7,4.4,4.9,5.3,8.8,9.3,9.6,10.0,9.4,9.0,6.7,5.4,7.6,10.0,5.3,6.9,7.6,10.0,10.0,10.0,5.6,4.6,6.9,6.0,9.3,10.0,4.0,6.0,9.3,3.5,9.3,4.9
40.0,7.78,9.7,10.0,10.0,7.5,10.0,10.0,10.0,10.0,10.0,10.0,8.2,5.9,10.0,7.5,9.0,10.0,10.0,6.5,7.5,10.0,10.0,7.0,10.0,10.0,4.9,5.4,7.0,4.0,6.9,3.3,2.9,5.0,10.0,5.8,4.1,9.3,5.1,6.4,5.8,9.5,9.7,9.6,10.0,9.7,9.0,6.7,5.8,7.9,10.0,6.3,2.3,7.7,5.0,8.5,10.0,5.6,3.9,7.5,8.0,7.8,10.0,3.0,8.7,8.7,4.7,8.4,6.3
41.0,7.74,6.7,10.0,10.0,10.0,10.0,10.0,10.0,10.0,10.0,10.0,9.0,8.9,10.0,7.5,7.5,10.0,10.0,7.5,10.0,10.0,10.0,10.0,10.0,10.0,6.6,5.9,7.0,6.5,5.6,7.5,4.4,6.5,5.8,4.2,3.6,6.5,5.3,4.4,5.2,8.2,9.2,8.8,10.0,9.0,7.9,6.9,5.7,6.0,10.0,7.0,8.5,7.7,5.0,8.1,9.0,8.9,2.9,2.4,8.0,4.6,10.0,3.0,7.6,9.6,6.3,6.8,8.2
41.0,7.74,9.6,10.0,10.0,5.0,10.0,10.0,8.8,0.0,10.0,10.0,8.1,5.9,7.5,7.5,8.5,10.0,10.0,4.8,10.0,10.0,10.0,7.0,10.0,7.5,5.4,6.9,8.0,10.0,7.6,4.3,4.1,6.2,5.3,,6.8,10.0,7.0,7.0,6.3,7.9,8.9,8.8,10.0,8.9,9.7,8.3,6.5,8.0,10.0,6.4,6.9,9.5,10.0,9.6,10.0,6.7,5.8,7.2,8.0,9.3,3.0,6.1,8.4,9.9,5.6,9.9,7.5
43.0,7.7,5.1,10.0,10.0,10.0,10.0,10.0,7.5,10.0,10.0,10.0,9.4,4.8,10.0,7.5,9.5,10.0,10.0,8.5,10.0,10.0,10.0,7.0,10.0,5.0,5.5,8.5,8.0,6.5,6.7,6.9,4.4,6.5,10.0,4.2,3.5,8.7,6.1,5.4,5.8,9.8,9.5,9.7,10.0,9.8,8.9,6.4,4.9,6.2,10.0,6.9,6.9,9.3,5.0,6.4,9.0,2.2,4.7,6.3,8.0,5.7,10.0,2.6,5.1,9.2,4.7,8.7,8.3
44.0,7.69,6.1,10.0,10.0,10.0,10.0,10.0,10.0,10.0,10.0,10.0,9.0,6.1,10.0,7.5,8.5,10.0,10.0,6.3,10.0,10.0,10.0,7.0,10.0,10.0,6.5,8.6,10.0,6.5,7.8,2.8,3.2,6.1,8.3,5.0,2.7,8.8,5.5,5.3,5.2,9.7,9.5,9.8,10.0,9.7,8.6,5.9,6.2,7.6,10.0,7.7,10.0,10.0,8.0,9.3,10.0,2.2,3.8,6.0,4.0,4.1,10.0,4.1,6.7,9.8,3.7,9.2,5.4
45.0,7.65,9.0,10.0,10.0,7.5,10.0,10.0,7.5,10.0,10.0,10.0,8.0,6.4,7.5,10.0,9.0,10.0,10.0,5.8,10.0,10.0,10.0,10.0,10.0,10.0,3.3,5.7,6.0,7.0,5.0,3.5,2.8,4.3,10.0,6.7,5.0,8.0,5.8,7.6,6.0,9.9,9.5,9.5,10.0,9.7,9.0,6.7,5.4,7.7,10.0,6.3,3.8,7.7,8.0,9.1,9.0,7.2,5.6,6.4,4.0,7.8,10.0,3.3,6.9,9.6,3.4,7.8,6.9
46.0,7.61,9.5,10.0,10.0,5.0,9.9,10.0,8.8,5.0,5.0,10.0,6.5,3.8,10.0,10.0,10.0,10.0,5.4,6.5,10.0,10.0,10.0,,10.0,2.5,3.2,6.6,10.0,5.0,7.6,8.2,5.6,7.5,4.2,8.3,3.5,6.9,6.9,6.7,6.2,8.0,9.6,10.0,10.0,9.4,9.2,6.8,6.0,6.6,10.0,7.0,6.2,9.8,10.0,8.7,10.0,8.9,5.8,7.1,8.0,2.5,0.0,4.5,8.2,9.6,6.1,7.5,7.3
46.0,7.61,7.5,10.0,10.0,10.0,10.0,10.0,10.0,10.0,5.0,10.0,9.0,6.7,10.0,2.5,8.5,10.0,10.0,7.0,10.0,10.0,5.0,7.0,10.0,7.5,5.8,7.6,10.0,9.0,6.9,3.1,3.6,4.4,8.3,6.7,6.3,9.1,5.3,6.7,5.8,8.7,8.5,9.2,10.0,9.1,9.0,9.1,5.0,3.8,10.0,4.6,5.4,2.5,,8.9,10.0,10.0,4.5,8.1,6.0,9.3,3.0,3.5,6.7,9.6,2.9,8.7,8.5
48.0,7.56,0.0,10.0,10.0,,10.0,10.0,10.0,10.0,10.0,10.0,9.4,6.4,,,,10.0,10.0,7.3,,,,,10.0,10.0,7.0,8.3,7.0,10.0,,,5.9,,10.0,6.7,4.6,6.3,,,6.5,8.9,9.0,9.7,0.0,6.9,3.4,1.9,6.7,7.4,10.0,,0.8,10.0,10.0,5.9,10.0,8.9,,,8.0,6.5,10.0,,5.8,9.2,,8.0,7.8
49.0,7.55,6.9,10.0,10.0,7.5,9.9,10.0,8.8,10.0,10.0,10.0,9.3,5.4,7.5,7.5,9.0,10.0,10.0,5.3,10.0,10.0,10.0,10.0,10.0,2.5,6.7,9.6,7.0,5.5,8.9,3.2,2.5,4.4,7.5,5.0,5.1,8.8,2.7,3.5,4.7,9.8,9.6,9.4,10.0,9.7,9.5,8.4,5.8,5.8,10.0,6.6,8.5,9.0,8.0,8.6,9.0,3.9,3.0,7.7,10.0,7,10.0,2.3,7.8,9.1,3.1,7.9,7.1
50.0,7.52,9.3,10.0,10.0,10.0,10.0,10.0,7.5,5.0,5.0,2.5,9.2,7.4,7.5,7.5,9.0,10.0,10.0,7.5,10.0,10.0,10.0,,0.0,2.5,6.8,8.5,7.0,9.0,9.0,6.7,5.7,6.7,9.0,,5.3,9.5,6.0,6.8,6.9,8.8,9.7,9.3,10.0,9.4,9.9,8.8,6.2,7.4,10.0,6.5,4.6,10.0,8.0,7.5,10.0,6.7,5.6,6.2,10.0,0,10.0,4.4,8.9,9.8,4.8,9.3,8.3
51.0,7.48,7.8,10.0,10.0,,10.0,10.0,10.0,10.0,10.0,,9.7,9.3,,,,10.0,10.0,6.8,,,,,10.0,,3.9,8.6,10.0,5.0,4.4,4.2,5.3,5.6,5.0,5.0,2.7,4.6,3.2,7.1,4.7,8.8,4.5,5.6,10.0,7.2,7.9,6.1,6.7,6.8,10.0,6.6,0.0,7.3,8.0,9.0,9.0,8.9,,,10.0,7,10.0,,1.3,6.9,4.5,7.3,7.8
52.0,7.45,5.4,10.0,10.0,,10.0,10.0,10.0,10.0,10.0,10.0,9.8,6.4,,,,10.0,10.0,7.8,,,,,10.0,2.5,5.6,9.4,7.0,6.0,7.9,5.3,3.8,5.2,8.7,,6.1,8.8,5.4,5.0,6.0,8.8,9.7,9.8,5.0,8.3,8.0,4.8,4.9,5.8,10.0,6.0,2.7,10.0,10.0,8.6,10.0,3.9,4.5,6.9,8.0,5.1,1.0,4.6,5.6,9.3,4.4,9.2,8.0
53.0,7.43,9.0,10.0,10.0,7.5,10.0,10.0,8.8,10.0,10.0,10.0,9.0,8.8,,,,10.0,10.0,5.3,,,,7.0,10.0,10.0,5.9,,4.0,7.0,6.8,4.5,4.3,5.2,6.3,,4.8,7.6,5.2,5.9,4.9,8.8,9.3,9.5,5.0,8.1,9.2,7.9,5.8,7.5,10.0,5.6,6.9,8.1,10.0,0.0,10.0,6.7,4.7,6.9,10.0,7.8,10.0,4.6,7.1,9.6,4.3,8.4,6.6
54.0,7.42,9.0,10.0,10.0,7.5,10.0,10.0,8.8,10.0,5.0,10.0,8.6,5.1,7.5,5.0,6.5,10.0,10.0,4.3,7.5,7.5,7.5,7.0,10.0,7.5,7.2,7.3,8.0,5.0,9.5,4.0,4.2,5.8,5.8,5.0,5.2,9.8,5.8,7.0,5.9,8.6,9.5,9.8,10.0,9.5,8.8,8.1,5.7,7.4,10.0,5.1,5.4,10.0,10.0,7.8,10.0,6.7,5.7,6.8,10.0,9.3,0.0,4.6,6.2,9.9,4.6,9.3,7.1
55.0,7.37,9.5,10.0,10.0,5.0,10.0,10.0,8.8,10.0,5.0,10.0,8.4,7.1,7.5,10.0,9.5,10.0,10.0,4.3,10.0,10.0,10.0,7.0,10.0,10.0,5.7,5.6,4.0,6.5,6.3,2.7,2.0,3.7,5.3,,3.8,7.8,4.3,5.2,4.2,8.8,9.7,9.8,5.0,8.3,8.7,6.8,5.2,7.4,10.0,4.7,3.1,8.5,10.0,10.0,10.0,5.6,3.7,7.4,10.0,7.5,10.0,2.2,5.1,7.2,3.1,7.7,5.4
56.0,7.34,9.4,10.0,10.0,5.0,10.0,10.0,8.8,10.0,5.0,10.0,8.7,6.3,7.5,10.0,8.0,10.0,10.0,3.8,10.0,10.0,7.5,7.0,10.0,10.0,6.3,4.6,7.0,8.5,7.3,2.2,2.1,4.1,5.6,,3.9,8.4,4.1,5.7,4.3,8.6,9.3,9.7,5.0,8.1,8.6,6.5,5.2,7.4,10.0,6.1,3.1,8.5,10.0,9.1,10.0,6.1,4.5,5.5,8.0,7.8,10.0,3.1,8.4,9.5,5.0,9.4,8.7
57.0,7.33,9.7,10.0,10.0,5.0,10.0,10.0,7.5,10.0,10.0,10.0,7.6,4.4,10.0,10.0,10.0,10.0,10.0,5.5,10.0,10.0,10.0,10.0,10.0,5.0,5.2,4.0,4.0,2.0,6.8,4.5,2.2,4.8,8.3,7.5,4.1,8.0,5.5,6.6,5.7,7.6,9.5,9.8,5.0,8.0,9.0,6.7,6.5,8.0,10.0,5.0,0.8,7.7,10.0,10.0,10.0,5.6,4.2,5.7,6.0,5.5,3.0,2.2,6.7,9.6,3.9,8.9,7.8
58.0,7.3,9.6,10.0,10.0,7.5,10.0,10.0,8.8,10.0,10.0,10.0,8.9,5.9,7.5,7.5,8.0,10.0,10.0,4.8,10.0,10.0,10.0,7.0,10.0,7.5,6.4,3.7,8.0,7.5,6.2,3.2,3.0,4.2,6.7,5.8,3.2,8.7,5.0,5.6,5.0,9.1,9.5,9.4,5.0,8.2,8.5,7.2,5.1,7.5,10.0,5.6,1.5,7.0,8.0,7.4,9.0,2.2,4.5,7.0,10.0,7.5,10.0,2.8,6.2,9.8,3.6,9.2,7.5
59.0,7.2,0.0,10.0,10.0,7.5,10.0,10.0,10.0,10.0,10.0,10.0,9.4,8.5,10.0,7.5,9.5,10.0,10.0,7.8,10.0,10.0,10.0,0.0,5.0,7.5,7.5,8.4,7.0,6.5,8.0,6.4,4.1,5.9,10.0,3.3,3.3,6.4,4.5,2.9,5.1,5.4,9.4,9.1,10.0,8.5,8.3,5.5,6.5,6.1,10.0,7.0,1.5,10.0,10.0,9.7,9.0,8.9,5.0,7.2,10.0,6.5,10.0,3.7,5.6,9.9,4.0,8.6,7.0
60.0,7.17,4.0,10.0,10.0,10.0,10.0,10.0,8.8,10.0,10.0,2.5,9.8,8.2,,,,10.0,10.0,5.3,,,,10.0,0.0,5.0,3.7,8.8,7.0,9.0,3.3,5.4,5.3,6.8,8.3,5.8,3.1,7.8,6.1,5.6,5.9,9.4,8.3,9.3,10.0,9.3,8.5,5.6,5.5,7.5,10.0,6.4,5.4,10.0,8.0,9.6,10.0,10.0,4.8,6.4,10.0,3.8,10.0,4.2,6.7,8.5,4.8,9.3,8.7
60.0,7.17,9.1,10.0,10.0,,10.0,10.0,8.8,10.0,5.0,2.5,9.1,9.4,,,,10.0,10.0,6.0,,,,,10.0,10.0,4.7,9.1,6.0,5.0,5.1,3.1,5.1,4.5,8.4,,4.9,7.7,,,5.3,9.3,9.4,9.3,0.0,7.0,7.8,0.0,5.6,6.0,10.0,,0.0,10.0,10.0,9.3,10.0,8.9,,,10.0,8.3,10.0,,6.7,8.6,,8.6,7.2
62.0,7.16,4.9,10.0,10.0,,10.0,10.0,10.0,10.0,0.0,2.5,9.9,6.4,,,,10.0,10.0,6.0,,,,,10.0,10.0,1.7,8.6,8.0,10.0,3.1,5.3,4.8,5.8,8.1,,4.1,7.1,5.9,5.6,5.8,8.3,8.6,9.4,10.0,9.1,8.0,0.0,6.0,5.7,9.6,6.0,8.5,10.0,5.0,9.6,9.0,8.9,4.6,5.3,8.0,7.5,10.0,5.0,6.0,8.8,3.5,8.7,9.0
63.0,7.13,9.3,5.0,10.0,7.5,10.0,10.0,8.8,10.0,5.0,7.5,8.6,6.2,7.5,5.0,7.5,10.0,8.8,3.3,10.0,10.0,10.0,,10.0,7.5,9.8,9.6,8.0,10.0,8.0,2.6,3.2,4.9,6.8,,1.8,7.5,3.5,5.1,4.4,8.3,9.6,9.4,10.0,9.3,7.8,6.4,5.3,4.6,10.0,5.8,5.4,10.0,,10.0,9.0,6.7,5.3,5.8,10.0,6.3,5.0,4.2,4.2,6.1,3.2,5.0,8.1
64.0,7.08,0.0,10.0,10.0,5.0,9.9,10.0,8.8,10.0,10.0,10.0,8.3,9.8,10.0,10.0,10.0,10.0,10.0,5.0,10.0,10.0,10.0,7.0,10.0,7.5,4.1,8.1,4.0,4.5,8.1,6.1,5.1,5.4,8.3,3.3,3.9,7.0,3.7,2.6,5.0,9.0,9.7,9.0,5.0,8.2,8.5,4.8,5.5,5.1,10.0,6.0,0.8,8.3,10.0,7.5,10.0,5.6,3.5,4.3,8.0,8.3,10.0,3.7,3.6,8.7,2.8,8.4,7.6
65.0,7.07,0.0,10.0,10.0,5.0,10.0,10.0,8.8,10.0,10.0,10.0,8.9,6.5,7.5,2.5,7.5,10.0,9.4,4.3,10.0,10.0,10.0,0.0,10.0,10.0,8.8,9.9,10.0,9.5,9.0,4.1,3.0,5.0,6.7,4.2,3.4,8.3,3.1,2.6,4.3,9.2,9.9,9.1,10.0,9.5,8.9,7.5,5.8,6.2,10.0,6.4,6.9,8.7,10.0,8.9,10.0,3.3,5.0,7.1,4.0,1.3,3.0,3.2,5.3,9.3,3.4,7.2,7.2
66.0,7.02,5.8,10.0,10.0,,10.0,10.0,10.0,10.0,10.0,2.5,9.4,7.5,,,,10.0,10.0,7.5,,,,,0.0,10.0,7.7,5.9,6.0,5.0,6.7,6.4,6.7,6.5,8.9,,3.8,6.6,,4.9,5.9,6.4,9.1,9.1,0.0,6.2,7.9,5.6,,5.3,10.0,6.8,0.0,9.4,8.0,0.9,10.0,8.9,,,8.0,5.7,10.0,,6.7,9.4,4.4,5.0,7.3
67.0,6.98,8.3,10.0,10.0,2.5,10.0,10.0,8.8,10.0,5.0,10.0,7.7,6.5,,,,10.0,8.4,3.3,,,,10.0,10.0,10.0,6.6,7.2,6.0,8.5,6.8,3.5,3.3,4.2,5.2,,4.5,9.9,4.1,5.6,4.3,8.6,9.1,9.4,10.0,9.3,8.7,7.7,5.0,6.4,10.0,4.5,1.5,8.7,8.0,9.1,8.0,5.0,4.5,6.1,10.0,7.8,1.0,3.8,3.1,9.7,3.0,8.6,7.5
68.0,6.95,0.0,10.0,10.0,,10.0,10.0,10.0,10.0,10.0,2.5,9.6,8.5,,,,10.0,10.0,6.8,,,,,10.0,10.0,6.1,8.4,4.0,9.0,,8.0,3.9,7.4,6.4,,3.3,7.3,,4.8,5.2,9.5,9.5,9.8,0.0,7.2,7.7,4.3,4.3,5.0,10.0,7.8,0.0,6.3,10.0,9.8,10.0,7.8,5.0,8.0,8.0,6.5,10.0,3.7,4.7,8.3,6.7,8.8,8.4
68.0,6.95,5.5,10.0,10.0,7.5,9.9,10.0,10.0,5.0,10.0,10.0,10.0,5.5,7.5,5.0,7.5,3.8,10.0,4.8,10.0,10.0,10.0,0.0,10.0,7.5,7.4,9.7,0.0,8.0,7.1,2.3,3.0,5.0,5.0,4.2,3.5,8.0,2.7,3.3,4.1,9.2,9.5,9.3,10.0,9.5,8.5,6.5,5.2,7.0,10.0,6.5,3.8,10.0,5.0,10.0,10.0,5.6,3.7,6.1,8.0,2.8,10.0,3.1,4.7,9.2,2.2,7.6,6.4
70.0,6.94,9.2,10.0,10.0,7.5,10.0,9.6,6.1,10.0,10.0,10.0,8.8,8.0,7.5,7.5,7.5,10.0,10.0,6.8,10.0,7.5,10.0,,5.0,2.5,8.5,9.6,6.0,7.0,8.9,5.9,5.4,5.6,5.0,4.2,3.7,7.1,6.2,5.6,5.2,7.2,8.8,7.5,0.0,5.9,7.6,7.0,5.6,4.8,10.0,6.4,3.8,2.5,8.0,7.2,10.0,10.0,5.8,6.0,8.0,0,10.0,4.7,5.8,9.4,3.5,8.1,7.5
71.0,6.93,0.0,0.0,10.0,2.5,9.4,10.0,10.0,10.0,10.0,10.0,8.2,8.0,10.0,10.0,10.0,9.3,10.0,3.5,10.0,10.0,10.0,10.0,10.0,10.0,6.5,8.0,10.0,4.5,7.2,3.1,2.8,4.9,4.2,3.3,2.2,9.1,4.0,3.2,3.9,9.4,9.2,9.1,5.0,8.2,8.9,6.4,4.9,4.3,8.8,5.5,1.5,9.6,10.0,9.7,10.0,8.9,3.9,6.3,10.0,4.8,1.0,2.7,6.7,9.5,2.9,8.8,7.1
71.0,6.93,8.7,10.0,10.0,5.0,10.0,10.0,10.0,10.0,5.0,10.0,7.7,5.5,7.5,5.0,6.0,10.0,10.0,4.8,7.5,7.5,7.5,10.0,10.0,10.0,7.3,6.8,6.0,7.0,4.8,2.0,2.5,4.1,6.7,6.7,4.3,9.5,4.2,6.2,4.3,9.7,9.2,8.7,5.0,8.1,8.9,7.8,5.5,7.1,10.0,4.8,0.8,6.5,10.0,8.6,10.0,4.4,4.1,6.0,6.0,6.8,3.0,3.3,7.1,9.8,2.6,6.4,8.0
73.0,6.9,6.4,10.0,10.0,5.0,9.8,10.0,7.5,10.0,10.0,10.0,9.6,7.5,10.0,7.5,7.5,5.1,10.0,4.0,10.0,10.0,10.0,0.0,10.0,5.0,7.5,8.8,8.0,8.5,8.7,1.7,2.4,4.7,2.5,3.3,4.1,8.5,2.9,4.7,3.9,9.5,9.0,9.3,10.0,9.4,8.0,6.8,5.5,5.7,10.0,6.2,3.8,6.7,8.0,9.8,9.0,4.4,3.8,6.9,6.0,2.6,1.0,4.0,4.7,8.5,2.5,8.9,5.8
73.0,6.9,8.0,10.0,10.0,5.0,10.0,10.0,10.0,10.0,5.0,10.0,8.5,5.6,5.0,2.5,4.0,10.0,8.9,1.5,7.5,7.5,7.5,7.0,10.0,10.0,6.7,8.6,6.0,9.0,4.8,4.5,4.2,5.2,8.3,5.8,6.3,9.9,5.2,6.9,5.3,8.8,8.2,8.5,10.0,8.9,8.7,7.3,5.8,5.8,10.0,5.1,2.3,1.7,8.0,8.8,10.0,10.0,5.1,6.1,10.0,9.3,3.0,4.4,6.0,9.8,4.0,9.3,8.0
75.0,6.89,0.0,5.0,10.0,7.5,10.0,10.0,8.8,5.0,10.0,10.0,9.4,7.8,7.5,7.5,8.0,10.0,10.0,5.5,10.0,10.0,10.0,0.0,10.0,10.0,7.1,9.3,8.0,8.0,9.6,3.7,2.5,4.1,4.2,2.5,3.8,8.2,2.4,0.8,3.6,9.8,9.8,9.8,10.0,9.9,8.8,6.6,4.8,6.7,10.0,5.3,3.8,7.9,8.0,9.6,10.0,4.4,3.4,7.1,6.0,2.6,3.0,2.4,4.4,9.0,2.5,5.8,8.0
76.0,6.88,6.6,5.0,4.8,2.5,8.4,10.0,7.5,10.0,10.0,2.5,8.1,7.4,7.5,10.0,8.0,9.0,10.0,5.0,10.0,10.0,10.0,10.0,10.0,0.0,7.8,9.1,10.0,7.0,7.5,3.8,3.4,5.6,3.3,4.2,3.1,7.9,3.7,4.3,4.2,9.2,9.4,9.4,10.0,9.5,8.7,7.3,5.9,5.5,10.0,5.4,0.8,10.0,8.0,9.7,10.0,7.8,4.8,6.5,10.0,2.5,10.0,3.3,4.7,8.8,2.8,8.9,8.0
77.0,6.86,8.0,5.0,10.0,7.5,10.0,10.0,10.0,10.0,10.0,10.0,9.0,6.9,10.0,7.5,7.5,10.0,10.0,5.5,10.0,10.0,10.0,10.0,10.0,10.0,5.4,6.3,6.0,4.0,6.9,3.6,3.0,4.4,7.5,3.3,3.6,6.9,3.7,4.1,4.0,5.0,6.0,4.9,10.0,6.5,7.3,5.9,4.6,4.9,10.0,5.4,0.8,8.0,5.0,4.3,9.0,2.8,2.2,3.3,10.0,2.5,10.0,2.5,7.1,9.6,3.3,5.4,6.5
77.0,6.86,7.1,10.0,10.0,7.5,10.0,10.0,10.0,10.0,10.0,10.0,9.7,6.6,2.5,2.5,4.0,10.0,10.0,4.0,7.5,5.0,7.5,0.0,10.0,10.0,6.5,10.0,6.0,6.0,4.7,1.0,1.9,4.2,4.2,5.8,5.1,7.0,5.2,6.4,4.4,8.3,9.1,9.2,10.0,9.1,8.9,7.0,5.0,5.5,10.0,6.3,5.4,10.0,10.0,9.4,9.0,6.7,5.1,5.7,2.0,6.3,10.0,3.3,4.0,8.9,2.5,7.2,7.7
79.0,6.85,8.0,5.0,9.4,5.0,9.2,7.9,5.2,10.0,10.0,10.0,7.7,6.5,7.5,5.0,7.0,10.0,10.0,4.0,10.0,10.0,10.0,10.0,5.0,5.0,7.6,8.9,6.0,8.0,6.7,5.5,4.8,6.0,5.8,5.0,4.4,7.1,5.2,3.5,5.2,9.1,9.4,8.4,10.0,9.2,7.4,5.2,5.4,5.5,10.0,6.1,3.8,3.8,10.0,0.0,10.0,6.7,5.5,6.4,8.0,6.3,10.0,5.0,3.8,9.0,3.6,8.3,8.0
80.0,6.84,9.4,10.0,10.0,7.5,9.9,10.0,5.0,10.0,5.0,0.0,7.8,3.8,7.5,2.5,5.0,10.0,10.0,3.5,7.5,7.5,5.0,,10.0,0.0,5.8,8.2,10.0,7.5,6.2,6.6,5.1,6.5,6.7,5.8,3.7,6.7,8.2,6.5,4.8,9.4,9.3,9.3,10.0,9.5,8.0,4.0,5.0,5.9,10.0,5.6,6.2,10.0,10.0,6.2,10.0,7.8,5.2,7.1,6.0,10,10.0,4.2,4.4,9.3,5.3,9.8,8.6
81.0,6.83,9.8,10.0,10.0,7.5,10.0,10.0,5.0,10.0,5.0,7.5,6.2,2.8,10.0,2.5,7.0,10.0,10.0,5.5,7.5,10.0,5.0,10.0,5.0,7.5,7.7,9.7,10.0,7.5,6.7,5.6,5.0,6.2,4.2,4.2,3.3,6.7,5.6,5.3,4.9,9.9,9.6,9.2,10.0,9.7,8.4,5.8,5.5,4.7,10.0,5.7,1.5,8.3,5.0,9.6,10.0,1.1,5.8,6.2,10.0,0,5.0,5.2,4.7,9.3,4.8,7.5,7.7
82.0,6.82,7.7,10.0,10.0,7.5,10.0,10.0,8.8,10.0,10.0,10.0,9.3,9.1,10.0,2.5,6.5,10.0,9.4,3.3,10.0,10.0,10.0,10.0,10.0,7.5,6.0,9.6,6.0,5.0,6.0,1.3,2.2,3.9,2.5,4.2,4.9,8.6,4.7,4.6,4.0,9.3,9.1,9.9,5.0,8.3,7.6,4.9,3.2,4.2,10.0,3.4,3.1,10.0,8.0,7.7,10.0,4.4,2.4,6.4,6.0,0.6,10.0,2.1,3.1,8.2,2.6,8.8,2.6
82.0,6.82,9.0,5.0,10.0,5.0,9.9,10.0,8.8,10.0,5.0,10.0,8.7,6.9,2.5,2.5,2.0,10.0,10.0,1.5,7.5,5.0,7.5,,10.0,2.5,6.9,9.3,0.0,6.5,3.6,6.7,6.2,6.5,6.4,,3.7,9.8,7.7,8.3,6.9,9.3,9.1,8.3,10.0,9.2,7.5,5.2,5.1,5.4,10.0,6.6,9.2,1.9,5.0,7.5,9.0,10.0,5.4,6.5,10.0,7.8,10.0,6.2,7.3,9.7,7.3,9.1,8.9
84.0,6.81,0.0,10.0,10.0,7.5,9.9,10.0,10.0,10.0,10.0,10.0,8.8,7.4,7.5,10.0,8.5,0.0,10.0,1.8,10.0,10.0,10.0,0.0,10.0,10.0,7.3,10.0,8.0,9.0,9.9,3.0,3.1,4.9,4.2,3.3,2.9,7.6,3.0,2.2,3.7,8.0,9.2,9.2,10.0,9.1,8.9,6.9,5.2,4.8,10.0,5.9,2.3,8.6,10.0,9.6,9.0,0.0,4.5,5.8,8.0,2.5,10.0,2.8,4.4,9.2,3.2,9.4,7.5
85.0,6.77,9.6,10.0,10.0,7.5,10.0,9.1,7.1,5.0,10.0,2.5,8.6,9.6,10.0,7.5,9.5,10.0,10.0,7.3,10.0,10.0,10.0,,10.0,7.5,7.5,9.8,7.0,3.5,7.5,3.4,4.2,4.9,6.4,,1.1,6.6,5.8,5.0,4.2,7.2,9.6,10.0,0.0,6.7,7.6,7.0,4.7,4.9,10.0,5.2,0.8,1.8,10.0,5.5,5.0,7.8,5.2,7.7,8.0,7.6,1.0,3.8,4.2,9.7,2.8,9.5,7.0
86.0,6.76,8.4,10.0,10.0,7.5,10.0,10.0,8.8,10.0,10.0,10.0,9.2,8.0,,,,10.0,10.0,7.3,,,,,10.0,7.5,0.0,8.6,0.0,10.0,3.6,3.9,3.5,3.0,6.4,,0.0,,1.4,4.7,3.3,7.4,5.1,9.9,10.0,8.1,9.5,10.0,3.9,4.5,10.0,5.3,8.5,,,6.4,4.0,2.2,,,8.0,9,10.0,,4.9,9.6,3.5,7.5,6.9
87.0,6.75,3.1,10.0,10.0,7.5,10.0,10.0,8.8,10.0,10.0,2.5,9.8,8.9,7.5,7.5,7.0,10.0,10.0,6.8,,,7.5,7.0,5.0,7.5,4.0,8.7,4.0,6.0,5.8,7.1,5.8,7.0,10.0,8.3,4.8,4.6,5.5,4.8,6.4,8.6,8.5,8.8,0.0,6.5,8.5,5.7,5.7,5.5,10.0,6.2,0.8,5.8,10.0,6.4,10.0,10.0,4.5,6.3,10.0,8.3,10.0,4.8,4.0,7.8,4.2,8.3,6.6
88.0,6.74,4.1,10.0,10.0,7.5,10.0,10.0,10.0,10.0,10.0,2.5,9.7,8.7,,,,10.0,10.0,6.0,,,,,5.0,10.0,5.8,,6.0,5.0,6.1,3.9,5.0,4.5,6.7,2.5,4.4,7.6,5.8,4.4,4.8,10.0,8.9,9.6,5.0,8.4,7.8,5.1,5.2,3.3,10.0,5.7,5.8,4.5,10.0,0.0,9.0,8.9,5.8,6.5,4.0,7.4,10.0,3.2,4.4,9.3,3.1,7.5,7.1
88.0,6.74,8.4,5.0,6.2,2.5,9.1,10.0,6.3,10.0,10.0,10.0,7.9,6.0,10.0,7.5,9.0,10.0,10.0,4.8,10.0,10.0,10.0,,5.0,0.0,8.2,8.0,10.0,9.0,6.5,3.4,2.9,5.3,3.3,6.7,3.2,7.3,4.3,4.5,3.8,9.8,9.4,9.1,10.0,9.6,8.8,5.0,5.0,4.1,10.0,5.0,1.5,9.3,10.0,0.0,10.0,5.6,4.9,6.5,8.0,10,10.0,3.2,0.4,9.0,2.4,6.4,8.0
90.0,6.73,9.5,10.0,10.0,7.5,9.1,2.4,5.0,10.0,10.0,10.0,8.1,8.4,7.5,7.5,7.5,10.0,10.0,7.0,7.5,7.5,7.5,,10.0,7.5,2.5,9.6,2.0,6.5,8.1,4.3,4.6,5.1,3.3,5.8,2.1,4.8,6.0,4.7,4.3,9.5,8.5,9.9,0.0,7.0,7.6,7.0,5.3,4.4,10.0,5.6,0.8,7.2,10.0,8.0,5.0,6.7,4.5,6.4,6.0,7.9,10.0,3.7,4.2,9.1,3.1,8.9,7.0
91.0,6.71,6.2,10.0,10.0,5.0,10.0,10.0,8.8,10.0,10.0,2.5,8.9,6.3,10.0,10.0,10.0,10.0,10.0,5.8,10.0,7.5,10.0,0.0,10.0,10.0,9.1,9.9,7.0,8.0,8.5,2.2,2.5,2.7,0.0,2.5,3.9,2.8,3.4,3.6,2.5,7.9,8.3,7.1,5.0,7.1,8.2,5.8,4.9,6.1,10.0,4.2,6.2,10.0,8.0,7.5,9.0,6.7,4.7,6.3,10.0,10,10.0,2.7,0.2,4.7,2.0,9.3,7.9
92.0,6.65,8.6,10.0,10.0,5.0,10.0,10.0,10.0,10.0,5.0,10.0,8.5,4.5,2.5,2.5,2.5,10.0,10.0,2.5,7.5,5.0,5.0,7.0,10.0,10.0,5.6,5.5,10.0,7.5,2.0,,4.1,,5.0,5.8,7.0,9.9,,,5.3,8.4,7.6,8.8,5.0,7.4,8.6,6.7,6.2,7.9,10.0,,0.8,1.8,2.0,10.0,10.0,10.0,,,10.0,7.8,1.0,,6.0,9.7,,8.3,7.9
92.0,6.65,0.1,0.0,10.0,7.5,9.9,10.0,8.8,10.0,10.0,10.0,7.4,7.8,10.0,7.5,8.5,7.7,10.0,2.3,10.0,10.0,10.0,10.0,10.0,0.0,7.3,6.4,10.0,8.0,7.9,3.1,3.0,5.0,5.0,2.5,6.1,7.6,2.4,2.8,4.2,8.5,9.3,8.8,5.0,7.9,8.6,5.9,5.9,7.2,10.0,7.0,1.5,7.3,8.0,9.4,10.0,6.7,4.0,6.9,8.0,4.8,3.0,2.8,6.9,9.6,2.6,9.4,7.3
94.0,6.64,8.7,5.0,9.8,5.0,9.9,10.0,7.5,5.0,5.0,10.0,5.5,5.9,7.5,5.0,7.0,9.9,10.0,4.5,10.0,7.5,7.5,7.0,5.0,5.0,7.0,9.0,10.0,8.0,7.1,5.8,5.8,6.0,6.7,7.5,3.1,5.9,6.0,5.6,5.2,9.7,9.3,9.5,5.0,8.4,7.2,3.3,5.9,6.1,10.0,5.8,0.0,0.3,2.0,7.6,10.0,7.2,6.0,5.9,5.0,6.3,10.0,5.7,3.8,9.3,5.6,9.4,6.9
95.0,6.63,9.8,10.0,10.0,2.5,8.7,10.0,5.0,10.0,0.0,2.5,8.4,4.0,0.0,10.0,5.0,10.0,0.0,0.8,7.5,7.5,2.5,,10.0,0.0,5.0,8.0,10.0,10.0,1.8,6.8,6.2,7.4,5.0,7.5,4.8,8.9,7.8,7.3,5.2,10.0,7.8,9.7,10.0,9.4,9.0,6.4,6.7,6.6,10.0,7.5,6.2,0.8,10.0,2.8,10.0,8.3,5.7,7.7,8.0,7,10.0,6.1,8.0,9.7,6.6,8.1,9.7
96.0,6.62,0.0,10.0,10.0,7.5,10.0,10.0,10.0,10.0,10.0,2.5,8.8,8.5,,,,10.0,10.0,7.3,,,,,0.0,10.0,6.4,7.9,0.0,7.5,5.2,5.8,3.2,5.6,8.3,3.3,3.0,6.2,3.1,2.9,4.6,9.7,7.1,9.6,10.0,9.1,7.9,5.8,6.4,6.3,10.0,6.0,6.2,10.0,8.0,0.0,10.0,10.0,4.1,6.0,10.0,5.1,10.0,3.8,6.7,9.7,2.9,6.8,7.6
97.0,6.61,7.5,10.0,10.0,7.5,10.0,10.0,8.8,10.0,5.0,10.0,8.9,8.9,7.5,5.0,6.5,10.0,10.0,4.3,10.0,10.0,10.0,10.0,10.0,10.0,5.9,8.8,0.0,10.0,4.8,0.2,1.3,2.6,5.0,4.2,4.5,6.8,2.8,6.0,3.5,9.8,8.1,9.4,10.0,9.3,7.6,7.1,4.8,3.9,10.0,4.0,4.6,10.0,8.0,4.9,10.0,1.1,2.0,5.1,8.0,,3.0,1.8,2.2,8.1,2.1,5.7,0.0
97.0,6.61,5.6,10.0,8.2,7.5,9.9,9.9,7.5,10.0,10.0,2.5,7.6,7.6,5.0,10.0,7.0,10.0,8.1,3.8,10.0,10.0,7.5,0.0,0.0,2.5,8.9,10.0,8.0,4.0,6.5,3.9,4.1,5.1,3.3,5.8,4.9,8.2,4.5,4.1,4.7,9.1,9.4,9.0,10.0,9.4,7.5,5.2,6.0,5.3,10.0,6.8,8.5,10.0,8.0,8.5,9.0,10.0,5.5,8.4,8.0,10,10.0,4.3,4.2,8.9,3.0,9.0,7.8
99.0,6.6,6.0,10.0,10.0,7.5,10.0,10.0,7.5,10.0,10.0,10.0,8.6,7.5,,,,10.0,10.0,6.8,,,,,5.0,5.0,3.3,7.7,8.0,5.0,6.5,4.3,4.1,4.1,7.5,5.0,1.0,6.9,5.6,3.0,4.2,9.5,7.5,8.9,0.0,6.5,9.1,6.1,6.1,5.1,10.0,6.0,7.7,7.1,10.0,5.1,10.0,7.8,,,10.0,7,10.0,,3.6,8.5,3.2,7.4,7.7
99.0,6.6,9.3,10.0,10.0,7.5,10.0,10.0,7.5,10.0,10.0,2.5,9.4,7.6,,,,10.0,10.0,6.3,,,,10.0,0.0,7.5,7.5,9.8,0.0,5.5,6.9,5.0,3.6,5.1,5.8,4.2,2.3,8.6,4.7,4.4,4.7,7.2,8.0,7.7,5.0,7.0,7.5,5.8,5.7,5.4,9.0,6.0,1.5,7.1,10.0,0.0,6.0,4.4,4.4,6.6,10.0,5.7,10.0,4.4,3.1,8.4,2.8,8.4,8.0
101.0,6.59,5.3,10.0,10.0,5.0,10.0,6.3,6.9,5.0,5.0,10.0,9.4,8.9,7.5,10.0,9.5,10.0,10.0,5.3,10.0,10.0,10.0,,10.0,10.0,6.5,9.4,4.0,2.0,7.8,2.4,4.2,4.8,4.2,4.2,4.0,7.1,3.9,4.6,4.2,9.3,9.3,9.9,0.0,7.1,7.6,7.0,6.0,3.9,10.0,6.4,0.8,2.4,10.0,8.1,5.0,5.6,5.1,7.5,8.0,7.6,3.0,3.6,3.8,9.8,4.0,8.3,7.7
102.0,6.57,7.0,10.0,10.0,5.0,10.0,7.7,6.4,10.0,5.0,10.0,9.6,7.5,10.0,10.0,10.0,10.0,10.0,6.3,10.0,7.5,10.0,,0.0,7.5,6.9,10.0,6.0,5.0,7.2,4.4,5.1,5.5,4.2,5.0,2.8,6.7,6.7,5.4,4.3,9.5,9.6,9.7,0.0,7.2,7.6,7.0,5.1,5.7,10.0,5.8,0.8,4.8,10.0,7.6,5.0,0.0,4.2,6.1,4.0,7.2,0.0,4.4,3.8,9.5,4.0,8.0,5.1
103.0,6.55,8.7,5.0,9.8,5.0,9.7,10.0,10.0,0.0,5.0,10.0,7.4,4.4,0.0,7.5,4.5,10.0,9.7,1.8,10.0,10.0,7.5,0.0,10.0,7.5,4.4,9.2,6.0,8.0,6.3,5.1,4.4,5.3,3.3,4.2,6.3,7.5,4.6,5.2,4.7,9.8,9.7,9.9,5.0,8.6,8.1,4.4,5.7,6.9,10.0,6.5,1.5,6.1,8.0,9.9,10.0,5.6,5.6,5.7,10.0,1.4,0.0,4.3,7.3,9.8,4.0,9.0,7.4
104.0,6.54,0.0,10.0,10.0,7.5,10.0,10.0,7.5,10.0,10.0,10.0,9.7,8.8,,,,10.0,10.0,4.5,,,,0.0,10.0,5.0,2.7,9.1,0.0,8.0,7.9,4.5,4.1,4.3,5.6,,3.9,6.6,7.5,9.0,5.4,8.8,8.2,8.9,5.0,7.7,8.5,5.7,3.5,6.7,10.0,4.2,1.5,5.1,10.0,10.0,9.0,6.7,4.2,4.3,8.0,6.5,10.0,4.7,4.4,9.0,3.1,7.9,6.3
105.0,6.53,9.4,10.0,10.0,7.5,10.0,10.0,10.0,0.0,0.0,10.0,9.4,5.1,,,,10.0,10.0,5.0,,,,0.0,0.0,2.5,4.8,9.9,7.0,8.5,4.4,6.2,6.7,6.7,9.3,,7.4,6.9,2.5,7.5,6.4,8.7,9.4,9.2,0.0,6.8,5.5,4.2,4.9,7.2,10.0,3.9,0.0,0.3,5.0,9.3,9.0,10.0,2.0,5.6,10.0,10,10.0,2.5,4.2,9.6,5.7,8.5,9.4
106.0,6.52,9.2,5.0,10.0,10.0,10.0,10.0,7.5,0.0,5.0,10.0,6.9,2.4,2.5,2.5,4.0,10.0,10.0,3.8,7.5,7.5,7.5,7.0,0.0,0.0,6.5,8.9,4.0,9.0,3.9,6.4,6.6,7.5,8.3,6.7,5.0,8.6,7.5,6.3,5.6,4.4,9.3,9.2,10.0,8.2,8.9,4.6,6.6,7.6,10.0,6.7,0.8,10.0,10.0,8.9,10.0,10.0,6.5,7.5,10.0,4.2,10.0,6.5,10.0,9.4,6.0,10.0,7.9
107.0,6.51,9.1,10.0,10.0,7.5,10.0,10.0,8.8,10.0,5.0,10.0,7.6,5.5,7.5,2.5,5.0,10.0,10.0,4.8,5.0,7.5,5.0,10.0,10.0,0.0,8.0,9.2,7.0,7.0,4.9,4.5,3.6,5.2,4.5,,3.4,8.3,5.3,5.3,4.5,8.7,9.3,9.3,0.0,6.8,7.6,5.5,5.5,5.9,10.0,3.9,0.0,10.0,8.0,10.0,10.0,6.7,3.6,5.5,10.0,2.6,10.0,3.7,5.1,9.2,2.9,9.0,6.0
108.0,6.49,7.9,10.0,10.0,7.5,10.0,10.0,7.5,0.0,10.0,2.5,8.3,6.3,,,,10.0,10.0,4.0,,,,10.0,0.0,7.5,6.1,10.0,4.0,4.5,8.5,3.7,3.7,5.5,8.3,6.7,3.5,6.0,4.5,5.7,5.2,7.9,8.6,8.7,10.0,8.8,7.2,1.3,5.3,3.9,10.0,6.9,9.2,10.0,5.0,7.6,10.0,4.4,4.7,7.1,8.0,0,10.0,4.4,4.0,9.4,3.1,7.8,8.2
109.0,6.48,0.0,10.0,10.0,10.0,10.0,10.0,10.0,10.0,10.0,10.0,8.2,9.1,10.0,2.5,6.5,9.8,10.0,4.5,10.0,10.0,10.0,0.0,10.0,10.0,4.7,5.2,4.0,6.0,8.4,4.8,2.9,5.3,6.7,3.3,3.6,8.2,4.2,2.8,4.5,9.1,9.2,9.3,10.0,9.4,7.3,6.1,4.0,5.9,10.0,5.2,2.3,8.2,5.0,4.9,5.0,2.2,1.7,5.2,6.0,7.1,3.0,1.1,6.0,9.3,2.9,5.0,0.0
110.0,6.41,9.1,5.0,10.0,5.0,10.0,10.0,5.0,10.0,10.0,10.0,7.4,5.7,5.0,5.0,5.5,10.0,10.0,3.8,7.5,7.5,7.5,7.0,0.0,2.5,8.2,9.3,7.0,8.5,5.1,4.8,3.7,5.0,5.0,5.8,3.6,7.6,5.0,5.9,4.9,8.0,8.8,8.5,5.0,7.6,8.1,4.3,5.2,5.2,10.0,5.4,0.0,0.0,5.0,7.7,10.0,10.0,4.1,6.7,8.0,0,10.0,3.4,5.6,9.6,3.5,9.5,8.6
111.0,6.4,6.2,10.0,10.0,7.5,10.0,10.0,6.3,10.0,5.0,7.5,9.3,6.6,,,,10.0,10.0,2.5,,,,7.0,5.0,2.5,4.7,9.9,0.0,7.0,4.7,4.5,3.8,5.1,5.5,,1.6,7.3,7.2,7.1,4.9,8.7,8.5,8.8,5.0,7.7,8.5,5.6,5.9,7.8,10.0,6.1,0.8,9.6,8.0,8.3,10.0,8.9,5.5,5.3,10.0,6.9,10.0,4.6,4.0,8.9,5.0,9.0,8.6
112.0,6.38,6.1,10.0,6.7,2.5,6.8,8.2,5.4,10.0,5.0,2.5,6.5,5.5,7.5,10.0,9.0,9.8,9.9,4.5,10.0,10.0,7.5,,0.0,5.0,10.0,9.9,10.0,7.0,6.1,4.0,2.9,4.6,3.3,3.3,4.8,4.8,3.2,3.4,3.3,9.0,8.6,6.7,10.0,8.6,7.6,6.9,6.1,3.1,9.4,6.5,5.4,2.0,10.0,7.0,10.0,10.0,6.1,7.4,10.0,10,10.0,2.9,2.0,9.3,2.4,9.2,6.2
113.0,6.35,8.7,10.0,10.0,7.5,10.0,5.0,5.0,5.0,10.0,10.0,9.4,9.0,,,,10.0,10.0,4.5,,,,,0.0,2.5,8.7,8.6,4.0,8.0,6.7,4.0,4.0,4.6,5.0,3.3,2.9,4.6,4.4,5.2,4.2,9.7,8.9,7.5,10.0,9.0,8.0,7.0,4.7,2.3,10.0,5.8,8.5,1.8,8.0,0.0,9.0,6.7,4.5,5.9,8.0,3.1,10.0,4.6,3.3,9.3,3.8,9.4,8.4
114.0,6.34,6.3,0.0,9.9,5.0,9.9,10.0,10.0,0.0,5.0,10.0,6.0,2.8,5.0,5.0,5.0,9.5,9.7,1.5,5.0,7.5,7.5,7.0,10.0,10.0,4.3,5.8,10.0,7.5,4.1,4.0,3.9,4.4,6.7,5.0,6.9,9.7,4.9,5.9,4.8,8.6,9.3,9.3,10.0,9.3,8.7,6.8,4.8,6.0,10.0,4.2,4.6,3.8,5.0,9.7,10.0,4.5,5.1,6.1,6.0,8.5,3.0,3.9,2.9,9.7,4.0,7.8,8.1
115.0,6.32,6.9,10.0,10.0,7.5,10.0,10.0,8.8,10.0,10.0,2.5,9.3,8.3,2.5,5.0,5.5,10.0,10.0,4.3,10.0,10.0,10.0,,10.0,2.5,8.1,9.0,4.0,8.5,8.2,2.3,4.0,3.6,1.7,4.2,3.0,5.1,5.3,3.8,3.0,7.7,9.5,8.3,5.0,7.6,7.7,7.3,1.9,3.5,10.0,5.4,0.8,10.0,10.0,7.2,5.0,0.0,3.8,6.2,8.0,7.1,1.0,3.4,3.3,9.4,2.5,7.8,7.9
116.0,6.31,6.4,10.0,10.0,7.5,10.0,9.5,8.5,5.0,10.0,2.5,9.6,7.0,5.0,7.5,8.0,10.0,10.0,5.3,10.0,10.0,10.0,,5.0,0.0,7.3,9.9,2.0,7.0,6.3,,4.3,8.0,4.2,5.0,3.9,6.5,,,5.2,8.9,9.2,9.8,0.0,7.0,7.6,7.0,4.9,4.1,10.0,,0.8,1.7,10.0,10.0,5.0,1.7,,,8.0,7,0.0,,3.8,9.4,,8.2,8.2
117.0,6.29,9.4,10.0,10.0,10.0,10.0,10.0,8.8,0.0,5.0,10.0,8.6,6.6,2.5,0.0,1.5,10.0,9.0,1.8,7.5,7.5,5.0,10.0,10.0,7.5,9.2,,6.0,6.0,5.6,4.2,4.0,4.9,5.0,6.7,5.7,8.8,5.5,6.1,5.0,8.3,9.2,9.3,0.0,6.7,8.1,5.5,4.8,5.3,10.0,5.2,0.8,0.8,,7.9,10.0,7.8,5.1,6.2,10.0,2.5,0.0,3.7,6.4,9.4,3.7,8.2,4.4
118.0,6.26,7.5,5.0,7.0,0.0,9.7,10.0,10.0,0.0,10.0,10.0,7.5,7.6,7.5,2.5,5.5,10.0,9.8,3.8,7.5,7.5,7.5,7.0,10.0,10.0,4.9,5.5,10.0,8.5,7.0,2.6,2.9,3.8,8.3,6.7,4.8,9.1,4.5,5.2,4.4,7.8,5.0,7.1,0.0,5.0,9.1,7.9,4.9,5.7,9.4,3.8,0.0,5.9,5.0,9.4,9.0,5.6,5.2,4.7,6.0,9.3,0.0,3.9,6.0,9.8,2.9,9.5,6.3
118.0,6.26,7.5,5.0,10.0,7.5,10.0,9.0,4.5,10.0,5.0,10.0,8.3,6.0,5.0,5.0,5.0,10.0,10.0,4.5,10.0,10.0,5.0,0.0,5.0,2.5,6.5,10.0,7.0,6.0,3.8,4.6,4.7,5.2,6.7,8.3,5.7,7.0,5.6,5.1,5.7,9.9,9.2,8.9,5.0,8.3,7.4,5.1,4.9,2.8,10.0,5.0,1.5,10.0,8.0,8.3,10.0,5.6,4.4,5.9,10.0,8.3,5.0,4.4,2.0,8.5,3.9,7.9,7.7
120.0,6.24,8.6,10.0,10.0,5.0,9.8,10.0,8.8,10.0,10.0,10.0,9.3,9.4,2.5,2.5,2.5,10.0,10.0,4.8,7.5,7.5,7.5,10.0,10.0,10.0,3.8,9.5,2.0,6.0,5.8,2.9,2.8,4.3,6.7,5.0,1.8,7.5,3.0,4.0,4.1,7.7,8.1,7.0,5.0,6.9,8.0,7.1,4.4,5.9,10.0,5.6,0.0,0.9,10.0,0.0,9.0,3.3,3.8,5.3,6.0,0,0.0,3.5,2.4,8.2,2.7,9.0,7.8
121.0,6.22,9.2,10.0,8.8,7.5,9.8,10.0,10.0,10.0,5.0,10.0,8.4,5.5,5.0,2.5,3.0,10.0,0.0,0.3,10.0,0.0,7.5,0.0,10.0,7.5,6.9,7.9,0.0,6.5,2.9,5.7,5.9,6.3,5.0,5.8,7.3,9.9,6.2,7.3,5.5,9.2,5.8,7.4,5.0,6.8,8.2,6.7,6.0,7.1,10.0,6.2,4.6,1.4,5.0,10.0,9.0,8.3,6.1,7.2,6.0,8.5,1.0,6.1,6.2,9.9,5.4,9.0,8.2
122.0,6.21,8.3,5.0,4.6,2.5,9.1,10.0,8.8,10.0,0.0,10.0,7.0,3.9,5.0,2.5,4.5,9.6,0.8,1.8,5.0,7.5,5.0,7.0,10.0,7.5,6.0,6.5,7.0,7.0,6.5,3.3,3.2,5.3,3.3,5.0,4.4,8.6,5.4,5.8,4.6,8.3,9.3,7.8,10.0,8.8,7.8,0.6,5.9,7.6,10.0,5.8,2.3,8.4,5.0,8.9,5.0,5.6,4.1,7.1,8.0,2.5,1.0,4.0,7.1,9.7,4.3,9.2,8.1
123.0,6.2,7.2,10.0,10.0,7.5,10.0,10.0,8.8,5.0,0.0,10.0,8.2,4.5,0.0,0.0,0.5,10.0,10.0,1.5,7.5,2.5,7.5,,10.0,7.5,6.9,9.9,4.0,9.0,1.6,4.7,4.5,4.8,7.5,,3.1,8.5,5.3,6.4,5.6,6.1,8.6,9.8,5.0,7.4,8.3,7.3,5.4,6.4,10.0,5.1,1.5,10.0,,8.3,10.0,5.6,4.6,6.7,10.0,1,1.0,4.7,2.4,6.6,4.8,9.4,5.9
124.0,6.19,9.3,10.0,10.0,7.5,10.0,10.0,5.0,10.0,5.0,5.0,8.1,3.4,7.5,2.5,4.0,10.0,10.0,4.3,10.0,7.5,7.5,,5.0,2.5,1.0,6.9,4.0,10.0,4.2,6.0,5.1,6.0,8.3,6.7,5.1,9.2,6.7,6.7,5.0,9.5,4.3,9.6,10.0,8.4,9.1,7.7,5.3,4.4,10.0,3.1,2.3,6.2,10.0,10.0,7.0,10.0,4.9,6.3,4.0,4.4,3.0,4.0,1.6,8.8,4.0,7.1,8.9
125.0,6.18,9.2,10.0,10.0,5.0,10.0,10.0,5.0,10.0,10.0,7.5,8.1,2.7,2.5,5.0,5.0,10.0,8.9,3.8,10.0,7.5,7.5,,0.0,2.5,4.5,7.3,8.0,4.0,7.3,4.7,4.6,6.4,6.7,6.7,5.0,7.5,7.6,6.9,5.6,9.6,9.7,9.8,0.0,7.3,7.7,3.5,5.2,6.5,10.0,6.7,0.8,7.4,8.0,8.4,10.0,1.1,3.9,7.4,8.0,5.3,10.0,4.9,5.8,9.7,4.3,9.5,8.3
126.0,6.17,9.8,5.0,10.0,5.0,10.0,10.0,10.0,5.0,0.0,10.0,7.5,3.5,2.5,0.0,1.5,10.0,9.7,1.5,7.5,2.5,5.0,7.0,10.0,10.0,3.8,8.3,2.0,6.0,3.2,5.8,5.2,6.0,5.0,5.8,5.7,8.3,6.0,6.3,5.6,10.0,9.3,9.7,5.0,8.5,8.0,6.9,5.8,7.0,10.0,5.9,0.0,0.6,2.0,9.4,10.0,8.9,5.8,6.0,10.0,2.5,0.0,5.6,3.8,9.7,5.8,8.4,8.4
127.0,6.15,9.8,10.0,10.0,10.0,10.0,10.0,5.0,5.0,0.0,0.0,8.6,3.0,2.5,0.0,2.5,10.0,10.0,3.3,7.5,7.5,7.5,,0.0,0.0,0.0,9.6,6.0,10.0,2.8,6.7,6.7,7.1,6.7,8.3,4.9,9.7,8.1,9.0,6.1,8.9,5.2,9.9,10.0,8.5,9.0,6.4,6.6,7.0,10.0,5.8,4.6,4.1,5.0,10.0,9.0,10.0,6.4,7.5,4.0,4.8,5.0,5.7,5.6,9.7,8.2,10.0,9.5
128.0,6.13,9.6,5.0,10.0,7.5,10.0,10.0,5.0,10.0,0.0,2.5,8.1,3.5,0.0,0.0,0.5,10.0,10.0,2.5,7.5,7.5,5.0,,0.0,0.0,4.1,8.7,2.0,10.0,4.4,7.2,6.5,7.4,8.3,6.7,5.8,9.9,8.3,8.9,5.7,9.2,7.4,9.6,10.0,9.1,9.0,6.3,7.0,7.6,10.0,7.6,5.4,5.3,5.0,8.4,,10.0,6.8,7.4,6.0,10,0.0,6.6,5.3,9.6,8.5,10.0,9.9
129.0,6.08,8.8,10.0,10.0,5.0,9.9,10.0,5.0,0.0,5.0,10.0,8.0,3.8,7.5,7.5,8.0,10.0,10.0,5.5,10.0,7.5,10.0,,0.0,2.5,5.2,6.4,7.0,4.5,5.1,4.8,4.2,5.9,6.7,8.3,4.9,7.3,5.7,5.3,5.3,9.0,9.6,8.9,0.0,6.9,7.7,5.3,4.7,6.0,8.6,5.4,0.8,9.4,5.0,6.7,10.0,6.1,2.9,4.6,10.0,5.5,3.0,3.4,5.3,9.7,4.0,9.4,8.4
130.0,6.07,9.6,10.0,10.0,5.0,10.0,5.5,4.0,10.0,10.0,10.0,9.9,9.8,,,,10.0,10.0,4.0,,,,,10.0,5.0,8.8,,0.0,7.0,4.3,1.7,3.0,0.0,3.3,4.2,3.3,7.3,,,2.9,7.5,7.9,9.7,0.0,6.3,7.6,7.0,8.0,6.2,10.0,,0.8,1.5,10.0,7.6,4.0,3.3,,,8.0,2.5,0.0,,2.7,8.8,,8.5,7.6
131.0,6.03,5.6,0.0,3.8,2.5,3.5,1.7,3.4,10.0,10.0,10.0,9.0,9.3,7.5,7.5,7.5,10.0,10.0,5.3,7.5,7.5,7.5,,10.0,5.0,6.5,9.9,2.0,3.0,7.2,3.7,3.9,4.3,4.2,5.0,2.6,5.8,3.7,3.8,3.5,9.9,9.7,9.6,0.0,7.3,7.6,7.0,4.5,4.9,10.0,4.4,0.8,10.0,10.0,8.1,5.0,4.4,5.0,5.1,8.0,7.6,0.0,4.1,3.3,9.0,2.9,8.9,7.0
132.0,5.99,6.8,10.0,10.0,5.0,10.0,10.0,8.8,5.0,0.0,2.5,9.9,9.4,2.5,2.5,4.0,10.0,10.0,3.8,7.5,7.5,2.5,,10.0,7.5,4.5,9.8,10.0,3.5,3.7,,4.4,5.1,3.3,5.0,2.9,4.3,6.4,5.9,4.2,7.2,7.8,9.5,0.0,6.1,6.5,6.1,5.6,4.6,10.0,6.6,1.5,0.2,5.0,9.3,10.0,7.2,5.8,6.0,8.0,8.5,10.0,4.4,2.7,8.9,3.7,6.4,2.9
132.0,5.99,9.3,10.0,10.0,7.5,10.0,1.0,3.0,5.0,10.0,10.0,8.8,8.1,,,,10.0,10.0,5.0,,,,,5.0,2.5,8.8,10.0,4.0,5.5,6.4,3.4,3.5,4.5,4.2,5.8,4.2,5.4,4.1,4.5,3.9,7.8,7.0,6.4,5.0,6.5,7.6,11.9,4.5,3.9,10.0,5.2,0.0,1.8,2.0,0.0,9.0,3.3,4.1,5.5,8.0,0,10.0,3.9,2.0,9.7,2.7,7.9,6.2
134.0,5.98,9.8,10.0,10.0,7.5,10.0,10.0,5.0,10.0,0.0,2.5,8.9,3.7,2.5,5.0,2.5,10.0,10.0,3.3,5.0,2.5,5.0,,0.0,0.0,0.2,8.1,0.0,10.0,3.9,7.0,6.0,7.6,8.3,8.3,5.0,8.1,8.8,8.8,6.2,9.4,5.9,9.7,10.0,8.7,8.9,5.0,6.1,6.8,10.0,5.3,5.4,7.3,10.0,0.9,9.0,7.8,4.5,7.1,2.0,,10.0,5.2,6.2,9.8,6.0,8.1,9.2
135.0,5.94,6.3,10.0,10.0,5.0,10.0,2.5,1.3,5.0,5.0,2.5,8.7,6.5,,,,10.0,10.0,1.3,,,,,0.0,0.0,8.3,9.6,4.0,8.0,6.2,4.8,4.9,5.6,3.3,5.8,5.1,6.3,7.3,6.9,5.4,9.0,9.5,8.4,10.0,9.2,7.6,7.0,5.3,5.0,8.9,7.0,7.7,10.0,10.0,2.5,9.0,10.0,4.6,7.1,10.0,5.5,10.0,5.7,3.3,7.9,5.0,8.6,6.3
136.0,5.87,8.2,10.0,6.8,2.5,7.7,9.8,4.9,5.0,10.0,10.0,9.3,6.6,5.0,7.5,5.5,10.0,9.5,5.3,2.5,2.5,2.5,,10.0,0.0,6.1,9.8,4.0,5.0,6.2,5.4,4.4,4.1,3.3,3.3,4.4,7.3,,,3.7,9.4,9.5,9.4,0.0,7.1,7.6,7.0,5.1,4.7,10.0,,0.8,2.1,10.0,7.9,5.0,1.7,,,8.0,7.4,0.0,,4.9,9.7,,9.4,7.0
137.0,5.8,6.3,5.0,10.0,5.0,10.0,10.0,8.8,10.0,0.0,2.5,9.5,8.5,2.5,10.0,8.5,10.0,8.1,2.0,10.0,7.5,7.5,,10.0,7.5,4.7,9.9,4.0,4.0,5.4,3.1,3.6,,5.0,3.3,3.0,4.4,,,3.1,7.6,5.5,9.9,0.0,5.7,7.6,7.0,4.0,2.0,10.0,,1.5,1.5,0.0,7.9,10.0,1.1,,,4.0,7.5,10.0,,1.1,7.6,,8.2,3.3
138.0,5.77,9.1,0.0,9.9,5.0,9.9,10.0,5.0,5.0,5.0,10.0,6.1,4.2,7.5,7.5,7.0,9.8,9.8,3.3,7.5,7.5,7.5,0.0,5.0,0.0,9.4,9.7,7.0,8.0,6.6,3.8,3.5,5.1,4.2,3.3,0.9,2.7,3.9,4.7,3.1,9.3,9.8,8.9,0.0,7.0,7.2,6.2,6.3,3.1,10.0,5.5,0.0,7.6,5.0,8.7,10.0,10.0,5.2,6.5,10.0,1.4,10.0,3.9,2.4,9.2,2.5,6.6,5.1
138.0,5.77,9.4,10.0,10.0,2.5,10.0,10.0,8.8,10.0,5.0,10.0,8.4,4.7,2.5,2.5,2.0,10.0,10.0,1.8,2.5,2.5,2.5,,10.0,2.5,6.5,9.1,0.0,8.5,1.3,5.5,5.3,5.7,4.5,,5.7,8.4,6.2,6.5,5.0,7.5,9.1,8.5,5.0,7.5,8.5,7.8,5.4,4.7,8.0,4.5,2.3,1.0,8.0,8.5,7.0,5.6,5.7,7.4,8.0,7.8,0.0,5.6,2.4,9.5,5.0,7.9,7.5
140.0,5.69,9.8,10.0,10.0,,10.0,10.0,5.0,10.0,0.0,2.5,,,0.0,2.5,1.0,10.0,10.0,3.8,2.5,2.5,2.5,0.0,5.0,0.0,0.0,,0.0,10.0,,5.0,3.4,5.5,8.3,8.3,4.2,4.8,6.7,7.2,5.3,9.5,5.6,10.0,10.0,8.8,10.0,9.3,5.3,3.8,10.0,5.1,6.2,4.3,,8.3,10.0,10.0,4.7,7.5,10.0,10,10.0,3.8,8.0,9.8,5.8,9.6,9.4
140.0,5.69,8.3,0.0,9.0,2.5,8.2,10.0,5.0,10.0,0.0,2.5,6.0,3.7,7.5,10.0,9.0,9.5,9.9,2.5,10.0,7.5,7.5,10.0,5.0,2.5,8.2,9.2,4.0,8.0,5.7,4.5,4.3,4.6,2.5,5.0,3.7,6.4,4.2,3.6,3.6,8.6,8.9,9.2,0.0,6.7,7.6,5.9,4.9,4.1,10.0,4.9,0.8,0.8,8.0,6.3,10.0,1.1,4.9,5.2,6.0,2.6,10.0,4.4,5.3,9.4,3.7,6.6,6.7
142.0,5.65,7.3,10.0,10.0,5.0,10.0,10.0,8.8,5.0,5.0,10.0,9.3,7.5,2.5,2.5,2.5,10.0,10.0,3.8,,,7.5,0.0,5.0,7.5,5.5,9.3,6.0,4.0,2.7,3.3,3.4,2.6,3.3,5.0,2.4,6.8,4.0,5.7,4.1,9.4,9.5,9.8,5.0,8.4,6.6,1.6,4.8,3.1,3.0,3.5,0.0,8.9,8.0,9.3,10.0,6.7,2.8,3.0,8.0,6.3,10.0,1.9,2.7,7.8,2.6,7.5,7.3
143.0,5.64,9.4,5.0,9.1,2.5,6.8,9.9,8.7,0.0,5.0,2.5,8.5,7.7,2.5,5.0,5.5,10.0,7.9,4.3,7.5,7.5,7.5,,0.0,7.5,7.7,9.6,7.0,4.5,5.9,3.4,4.1,5.2,5.0,3.3,2.2,3.5,5.3,4.3,3.2,9.9,9.5,9.9,0.0,7.3,6.4,6.3,5.1,2.5,10.0,5.7,1.5,0.6,5.0,6.5,10.0,7.2,4.9,6.8,8.0,7,10.0,4.1,3.3,9.3,2.9,8.7,3.0
144.0,5.61,6.5,10.0,10.0,7.5,10.0,0.3,1.4,0.0,10.0,10.0,9.1,6.5,7.5,10.0,9.0,10.0,10.0,2.8,7.5,7.5,7.5,,0.0,0.0,7.0,,6.0,4.0,4.6,2.5,2.8,5.9,0.8,4.2,5.4,6.6,2.0,4.1,3.2,9.1,8.8,8.2,5.0,7.8,7.6,7.0,4.5,3.2,10.0,6.4,0.8,2.3,,10.0,10.0,5.6,4.8,7.5,6.0,8.1,0.0,4.2,2.4,9.1,3.2,8.5,5.5
145.0,5.56,7.6,0.0,10.0,2.5,9.4,10.0,10.0,5.0,5.0,10.0,9.3,8.1,0.0,2.5,1.5,10.0,10.0,0.8,0.0,0.0,0.0,,0.0,7.5,7.5,10.0,7.0,6.5,3.6,2.1,3.0,3.4,1.1,,2.8,8.5,3.4,4.7,3.5,7.7,8.5,6.8,10.0,8.2,7.4,5.1,3.7,2.4,9.1,3.9,1.5,10.0,5.0,0.0,10.0,10.0,3.7,7.4,8.0,7.8,10.0,3.4,2.4,9.8,3.3,9.8,7.4
146.0,5.47,6.0,10.0,10.0,5.0,10.0,3.3,1.7,0.0,10.0,10.0,9.1,2.9,7.5,0.0,5.5,10.0,7.7,5.0,5.0,5.0,5.0,,0.0,0.0,3.5,,7.0,6.0,7.0,2.5,1.9,2.3,4.7,,6.3,7.6,5.7,5.7,3.7,9.5,8.2,9.5,5.0,8.0,7.6,7.2,2.6,4.1,10.0,3.5,3.3,1.0,10.0,8.5,9.0,4.4,3.6,6.1,8.0,7.9,5.0,3.0,2.4,9.6,2.7,9.2,7.0
147.0,5.46,6.4,5.0,8.7,2.5,8.6,6.2,5.6,5.0,5.0,10.0,9.2,7.8,5.0,7.5,6.5,10.0,10.0,2.5,10.0,7.5,10.0,,0.0,5.0,10.0,9.9,8.0,1.0,8.2,1.8,2.8,3.3,2.7,,2.2,6.5,2.9,3.2,2.7,8.8,8.7,9.8,0.0,6.8,6.4,6.2,3.7,2.2,10.0,3.5,1.5,1.4,2.0,5.9,10.0,5.0,4.2,6.1,6.0,7.9,3.0,3.4,0.9,6.2,2.1,7.2,1.4
148.0,5.44,9.1,5.0,6.9,5.0,8.6,10.0,8.8,0.0,0.0,2.5,6.9,4.7,7.5,7.5,7.0,9.4,9.4,2.8,10.0,10.0,10.0,0.0,5.0,2.5,3.8,9.9,7.0,9.0,4.3,2.7,3.9,3.4,2.5,5.0,1.9,7.0,,3.9,3.6,8.1,9.5,9.1,0.0,6.7,8.7,7.3,,0.9,10.0,3.9,0.8,0.0,0.0,8.0,10.0,7.8,,,8.0,4,0.0,,5.3,9.3,2.2,9.4,6.8
149.0,5.42,9.5,10.0,10.0,2.5,9.7,10.0,5.0,0.0,0.0,0.0,7.1,2.5,2.5,0.0,2.0,10.0,6.7,2.0,7.5,7.5,5.0,,0.0,0.0,0.8,9.5,4.0,10.0,1.7,7.1,5.8,7.0,8.3,8.3,,10.0,8.3,7.3,5.3,9.6,6.5,9.8,10.0,9.0,8.8,3.5,5.9,5.9,10.0,4.7,1.5,0.6,5.0,3.8,10.0,8.3,5.4,7.5,6.0,4.4,10.0,5.4,3.1,9.4,6.6,9.4,9.6
150.0,5.41,2.1,10.0,10.0,0.0,0.0,7.6,7.6,0.0,5.0,10.0,7.1,7.8,10.0,7.5,8.5,10.0,10.0,3.0,10.0,10.0,10.0,,10.0,7.5,9.4,9.6,4.0,3.0,6.5,5.3,2.5,4.8,1.2,,0.5,5.0,,,2.7,8.4,9.0,9.2,0.0,6.7,6.4,6.2,3.3,2.8,10.0,,1.5,1.4,5.0,9.6,10.0,0.0,,,6.0,7,0.0,,1.1,7.7,,7.3,4.6
151.0,5.4,8.1,10.0,9.7,7.5,9.9,10.0,7.5,5.0,5.0,10.0,8.9,7.5,2.5,5.0,4.0,10.0,10.0,2.5,7.5,5.0,7.5,10.0,0.0,5.0,6.3,8.9,6.0,9.5,3.1,1.4,1.7,3.3,3.3,4.2,2.3,5.5,3.4,4.3,3.0,9.4,4.2,3.7,5.0,5.6,7.7,4.3,4.9,3.7,0.0,2.9,3.1,0.1,5.0,9.2,6.0,10.0,4.4,7.2,4.0,6.6,0.0,2.4,1.3,8.7,1.9,8.1,6.8
152.0,5.36,4.6,5.0,3.0,2.5,7.6,10.0,8.8,5.0,5.0,10.0,7.9,9.1,,,,10.0,9.4,3.8,,,,,10.0,2.5,9.8,8.9,8.0,4.0,4.0,2.3,3.0,3.7,2.5,1.7,1.0,5.9,3.6,5.7,3.1,8.1,2.7,1.7,5.0,4.4,7.8,7.6,4.4,2.2,10.0,5.7,0.8,0.3,0.0,10.0,3.0,1.7,5.0,6.6,8.0,10,3.0,3.3,0.0,9.5,2.8,8.9,6.1
153.0,5.25,7.0,5.0,10.0,2.5,9.8,3.5,5.5,10.0,0.0,10.0,8.1,6.0,0.0,2.5,1.5,10.0,9.5,0.5,7.5,7.5,2.5,,0.0,7.5,7.0,9.1,4.0,5.0,2.8,4.5,4.3,5.3,1.7,7.5,5.5,7.0,5.0,5.7,4.7,9.0,8.9,8.0,0.0,6.5,6.5,5.3,4.7,4.0,10.0,4.4,0.0,0.2,2.0,9.2,10.0,6.7,4.5,5.5,10.0,7,10.0,4.6,2.4,8.4,4.0,8.7,6.6
154.0,5.1,9.0,5.0,9.9,2.5,9.8,10.0,5.0,0.0,0.0,0.0,6.9,3.4,5.0,2.5,4.0,10.0,9.5,1.0,7.5,5.0,5.0,7.0,0.0,0.0,5.3,8.0,4.0,7.0,3.0,4.3,3.6,4.8,7.5,6.7,5.5,7.5,5.6,5.7,4.6,8.4,3.7,10.0,10.0,8.0,4.7,0.0,4.9,4.7,9.3,3.8,0.8,0.4,0.0,9.2,10.0,7.8,4.5,5.3,8.0,2.5,1.0,3.6,1.3,7.7,4.3,8.8,7.6
155.0,4.99,9.5,10.0,9.5,5.0,9.9,10.0,5.0,10.0,5.0,2.5,6.9,3.0,5.0,5.0,5.0,10.0,9.5,4.0,10.0,7.5,7.5,,0.0,0.0,2.7,7.8,0.0,4.5,2.9,4.3,4.3,4.8,4.2,5.0,4.4,6.6,6.1,6.7,4.7,7.0,8.5,8.9,5.0,7.3,6.2,5.9,4.8,2.6,0.0,3.7,0.0,1.1,0.0,5.3,10.0,5.6,4.1,6.0,6.0,7.8,3.0,3.7,1.8,9.3,3.8,8.7,7.0
156.0,4.64,9.0,10.0,0.0,0.0,0.0,10.0,8.8,5.0,5.0,7.5,7.5,5.8,2.5,2.5,2.5,10.0,10.0,1.3,7.5,7.5,5.0,,0.0,7.5,0.0,,0.0,9.5,5.1,3.4,2.4,3.3,5.0,6.7,3.6,,4.7,2.5,3.6,7.1,4.6,4.3,10.0,6.5,,,5.8,5.0,0.0,5.0,0.8,0.3,,10.0,7.0,7.2,4.3,6.7,8.0,4.4,10.0,4.3,0.0,8.6,3.1,,0.0
157.0,4.5,9.0,0.0,8.3,2.5,7.0,1.3,0.7,10.0,0.0,2.5,5.9,2.8,2.5,2.5,3.5,10.0,7.9,1.5,7.5,10.0,7.5,,0.0,0.0,8.7,7.1,0.0,7.0,1.5,6.9,4.3,5.5,1.7,5.0,3.4,8.2,6.3,5.7,4.0,6.5,7.4,4.1,5.0,5.8,6.2,0.0,5.4,3.7,10.0,4.3,4.6,5.2,2.0,0.0,9.0,10.0,4.8,6.4,8.0,0.6,0.0,3.7,2.9,9.2,4.8,8.1,5.6
158.0,4.34,6.1,0.0,0.0,0.0,0.0,9.2,4.6,5.0,5.0,2.5,5.2,3.2,7.5,2.5,4.5,1.3,9.7,2.0,7.5,7.5,7.5,,0.0,0.0,4.3,8.3,0.0,9.0,3.7,,2.7,,0.0,2.5,4.8,6.7,,,2.8,6.0,4.6,8.0,10.0,7.1,,,6.7,3.6,7.7,,2.3,0.0,,4.1,5.0,2.2,,,6.0,6.5,10.0,,0.0,8.7,,8.2,6.5
159.0,4.32,7.9,0.0,8.9,2.5,9.3,1.3,0.7,10.0,0.0,0.0,8.2,3.8,2.5,2.5,3.5,10.0,10.0,1.0,10.0,0.0,7.5,,0.0,0.0,9.6,,10.0,8.5,2.5,,3.6,,0.0,4.2,3.8,8.9,,,3.0,5.5,3.5,3.5,5.0,4.4,5.7,3.9,,0.9,0.0,,6.2,0.9,,6.2,,8.3,,,8.0,2.5,0.0,,4.0,8.7,,7.0,8.0
160.0,4.3,7.3,0.0,0.0,0.0,1.0,8.1,4.1,0.0,5.0,0.0,,,,,,7.6,10.0,1.0,,,,,0.0,0.0,10.0,9.0,4.0,9.0,3.5,2.4,2.6,3.1,4.2,3.3,3.8,9.0,2.6,3.2,3.2,9.9,6.9,5.1,10.0,8.0,8.5,7.8,4.0,7.0,4.8,2.6,6.9,1.0,,0.0,10.0,6.7,3.1,6.4,8.0,2.5,10.0,3.1,0.0,7.5,2.1,,7.2
161.0,3.8,0.0,10.0,10.0,5.0,9.9,10.0,10.0,0.0,10.0,10.0,9.0,6.6,10.0,5.0,6.5,10.0,9.7,2.3,5.0,2.5,5.0,0.0,10.0,2.5,8.6,5.8,0.0,6.5,2.0,0.2,0.6,1.2,0.8,1.7,2.4,8.1,1.3,1.6,2.0,2.8,0.0,0.0,0.0,0.7,7.2,6.1,4.1,2.0,0.0,3.1,0.0,7.2,5.0,0.0,5.0,0.0,0.9,5.6,4.0,,0.0,1.1,0.0,3.3,1.5,5.0,1.1
162.0,3.79,9.1,0.0,0.0,0.0,0.0,10.0,5.0,0.0,0.0,2.5,5.4,3.4,,,,0.0,6.7,0.5,,,,,0.0,0.0,6.8,9.0,2.0,7.0,3.8,3.1,1.9,5.9,3.3,7.5,3.2,4.1,,6.1,3.2,9.5,0.0,4.2,10.0,5.9,6.7,0.6,4.6,3.7,9.1,4.6,0.8,0.0,2.0,4.8,10.0,8.3,5.0,4.7,6.0,10,0.0,3.8,0.9,9.2,4.1,,6.2
